Time;Order;SKU;MU;TU;Module;Step;Event
200,00;1501;501;1;0;1;Melter;Queue Up
200,00;0;0;0;1;1;Melter;Queue Down
200,00;1501;501;1;1;1;Melter;Start Process
200,10;1504;504;3;0;2;Melter;Queue Up
200,10;0;0;0;2;2;Melter;Queue Down
200,10;1504;504;3;2;2;Melter;Start Process
200,20;1506;506;5;0;3;Melter;Queue Up
200,20;0;0;0;3;3;Melter;Queue Down
200,20;1506;506;5;3;3;Melter;Start Process
204,00;1502;502;2;0;1;Melter;Queue Up
204,00;0;0;0;4;1;Melter;Queue Down
204,00;1501;501;1;1;1;Melter;End Process
204,00;1502;502;2;4;1;Melter;Start Process
206,10;1504;504;3;2;2;Melter;End Process
206,20;1506;506;5;3;3;Melter;End Process
208,00;1502;502;2;4;1;Melter;End Process
214,00;1501;501;4;0;2;Melter;Queue Up
214,00;0;0;0;5;2;Melter;Queue Down
214,00;1501;501;1;1;1;Preshaper;Queue Up
214,00;0;0;0;51;1;Preshaper;Queue Down
214,00;1501;501;4;5;2;Melter;Start Process
214,00;1501;501;1;1;1;Preshaper;Start Process
216,10;1504;504;3;2;3;Preshaper;Queue Up
216,10;0;0;0;52;3;Preshaper;Queue Down
216,10;1504;504;3;2;3;Preshaper;Start Process
216,20;1506;506;5;3;4;Preshaper;Queue Up
216,20;0;0;0;53;4;Preshaper;Queue Down
216,20;1506;506;5;3;4;Preshaper;Start Process
218,00;1502;502;2;4;2;Preshaper;Queue Up
218,00;0;0;0;54;2;Preshaper;Queue Down
218,00;1502;502;2;4;2;Preshaper;Start Process
218,10;1505;505;6;0;3;Melter;Queue Up
218,10;0;0;0;6;3;Melter;Queue Down
218,10;1505;505;6;6;3;Melter;Start Process
220,00;1503;503;7;0;4;Melter;Queue Up
220,00;0;0;0;7;4;Melter;Queue Down
220,00;1501;501;4;5;2;Melter;End Process
220,00;1503;503;7;7;4;Melter;Start Process
224,10;1505;505;6;6;3;Melter;End Process
225,00;0;0;0;51;1;Preshaper;Queue Down
226,00;0;0;0;1;1;Preshaper;Release TU
228,00;1501;501;1;51;1;Preshaper;End Process
228,00;1503;503;7;7;4;Melter;End Process
230,00;1501;501;4;5;1;Preshaper;Queue Up
230,00;0;0;0;55;1;Preshaper;Queue Down
230,00;1501;501;4;5;1;Preshaper;Start Process
231,00;0;0;0;54;2;Preshaper;Queue Down
231,10;0;0;0;52;3;Preshaper;Queue Down
232,00;0;0;0;4;2;Preshaper;Release TU
232,10;0;0;0;2;3;Preshaper;Release TU
233,00;1501;501;1;51;1;Conditioner;Queue Up
233,00;0;0;0;101;1;Conditioner;Queue Down
233,00;1501;501;1;51;1;Conditioner;Start Process
233,00;0;0;0;101;1;Conditioner;Queue Down
233,20;0;0;0;53;4;Preshaper;Queue Down
234,00;1502;502;2;54;2;Preshaper;End Process
234,00;0;0;0;51;1;Conditioner;Release TU
234,10;1504;504;3;52;3;Preshaper;End Process
234,10;1505;505;6;6;3;Preshaper;Queue Up
234,10;0;0;0;56;3;Preshaper;Queue Down
234,10;1505;505;6;6;3;Preshaper;Start Process
234,20;0;0;0;3;4;Preshaper;Release TU
235,10;1506;506;10;0;3;Melter;Queue Up
235,10;0;0;0;8;3;Melter;Queue Down
235,10;1506;506;10;8;3;Melter;Start Process
236,00;1502;502;8;0;1;Melter;Queue Up
236,00;0;0;0;9;1;Melter;Queue Down
236,00;1501;501;1;101;1;Conditioner;End Process
236,00;1502;502;8;9;1;Melter;Start Process
236,10;1504;504;9;0;2;Melter;Queue Up
236,10;0;0;0;10;2;Melter;Queue Down
236,10;1504;504;9;10;2;Melter;Start Process
236,20;1506;506;5;53;4;Preshaper;End Process
238,00;1503;503;7;7;2;Preshaper;Queue Up
238,00;0;0;0;57;2;Preshaper;Queue Down
238,00;1503;503;7;7;2;Preshaper;Start Process
239,00;1502;502;2;54;2;Conditioner;Queue Up
239,00;0;0;0;102;2;Conditioner;Queue Down
239,00;1501;501;1;101;1;Shaper;Queue Up
239,00;1502;502;2;54;2;Conditioner;Start Process
239,00;1501;501;1;101;1;Shaper;Start Process
239,00;0;0;0;102;2;Conditioner;Queue Down
239,10;1504;504;3;52;3;Conditioner;Queue Up
239,10;0;0;0;103;3;Conditioner;Queue Down
239,10;1504;504;3;52;3;Conditioner;Start Process
239,10;0;0;0;103;3;Conditioner;Queue Down
240,00;1502;502;8;9;1;Melter;End Process
240,00;0;0;0;54;2;Conditioner;Release TU
240,10;0;0;0;52;3;Conditioner;Release TU
241,00;0;0;0;55;1;Preshaper;Queue Down
241,00;1501;501;1;101;1;Shaper;End Process
241,10;1506;506;10;8;3;Melter;End Process
241,20;1506;506;5;53;4;Conditioner;Queue Up
241,20;0;0;0;104;4;Conditioner;Queue Down
241,20;1506;506;5;53;4;Conditioner;Start Process
241,20;0;0;0;104;4;Conditioner;Queue Down
242,00;0;0;0;5;1;Preshaper;Release TU
242,10;1504;504;9;10;2;Melter;End Process
242,20;0;0;0;53;4;Conditioner;Release TU
243,00;1502;502;2;102;2;Conditioner;End Process
244,00;1501;501;4;55;1;Preshaper;End Process
244,10;1504;504;3;103;3;Conditioner;End Process
246,00;1502;502;2;102;1;Shaper;Queue Up
246,00;1502;502;2;102;1;Shaper;Start Process
246,00;0;0;0;101;1;Conditioner;Queue Down
247,10;1504;504;3;103;2;Shaper;Queue Up
247,10;1504;504;3;103;2;Shaper;Start Process
247,20;1506;506;5;104;4;Conditioner;End Process
248,00;1502;502;2;102;1;Shaper;End Process
249,00;1501;501;4;55;1;Conditioner;Queue Up
249,00;0;0;0;105;1;Conditioner;Queue Down
249,00;1501;501;4;55;1;Conditioner;Start Process
249,00;0;0;0;105;1;Conditioner;Queue Down
249,10;0;0;0;56;3;Preshaper;Queue Down
250,00;1502;502;8;9;2;Preshaper;Queue Up
250,00;0;0;0;55;1;Conditioner;Release TU
250,10;0;0;0;6;3;Preshaper;Release TU
250,20;1506;506;5;104;2;Shaper;Queue Up
251,00;0;0;0;57;2;Preshaper;Queue Down
251,10;1504;504;3;103;2;Shaper;End Process
251,10;1506;506;5;104;2;Shaper;Start Process
251,10;1506;506;10;8;4;Preshaper;Queue Up
251,10;1506;506;10;8;4;Preshaper;Start Process
252,00;1503;503;12;0;3;Melter;Queue Up
252,00;0;0;0;11;3;Melter;Queue Down
252,00;0;0;0;7;2;Preshaper;Release TU
252,00;1501;501;4;101;1;Conditioner;End Process
252,00;1503;503;12;11;3;Melter;Start Process
252,10;1505;505;6;56;3;Preshaper;End Process
252,10;1504;504;9;10;3;Preshaper;Queue Up
252,10;0;0;0;58;3;Preshaper;Queue Down
252,10;1504;504;9;10;3;Preshaper;Start Process
254,00;1503;503;7;57;2;Preshaper;End Process
254,00;1502;502;8;9;2;Preshaper;Start Process
254,10;1505;505;11;0;4;Melter;Queue Up
254,10;1505;505;11;5;4;Melter;Start Process
255,00;1501;501;4;101;1;Shaper;Queue Up
255,00;1501;501;4;101;1;Shaper;Start Process
255,10;1506;506;5;104;2;Shaper;End Process
256,00;0;0;0;51;4;Preshaper;Queue Down
256,00;0;0;0;54;1;Preshaper;Queue Down
257,00;1501;501;4;101;1;Shaper;End Process
257,10;1505;505;6;56;3;Conditioner;Queue Up
257,10;0;0;0;106;3;Conditioner;Queue Down
257,10;1505;505;6;56;3;Conditioner;Start Process
257,10;0;0;0;106;3;Conditioner;Queue Down
258,00;1506;506;15;0;3;Melter;Queue Up
258,00;0;0;0;12;3;Melter;Queue Down
258,00;1503;503;12;11;3;Melter;End Process
258,00;1506;506;15;12;3;Melter;Start Process
258,10;0;0;0;103;4;Conditioner;Queue Down
258,10;0;0;0;56;3;Conditioner;Release TU
259,00;1503;503;7;57;2;Conditioner;Queue Up
259,00;0;0;0;107;2;Conditioner;Queue Down
259,00;1503;503;7;57;2;Conditioner;Start Process
259,00;0;0;0;107;2;Conditioner;Queue Down
260,00;1501;501;13;0;1;Melter;Queue Up
260,00;0;0;0;57;2;Conditioner;Release TU
260,00;1501;501;13;1;1;Melter;Start Process
262,10;1505;505;11;5;4;Melter;End Process
262,10;1505;505;6;106;3;Conditioner;End Process
263,00;1503;503;7;107;2;Conditioner;End Process
264,00;1506;506;15;12;3;Melter;End Process
264,00;1501;501;13;1;1;Melter;End Process
265,10;1505;505;6;106;2;Shaper;Queue Up
265,10;1505;505;6;106;2;Shaper;Start Process
266,00;1503;503;7;107;1;Shaper;Queue Up
266,00;1503;503;7;107;1;Shaper;Start Process
267,10;0;0;0;58;3;Preshaper;Queue Down
268,00;1502;502;14;0;2;Melter;Queue Up
268,00;0;0;0;13;2;Melter;Queue Down
268,00;0;0;0;9;2;Preshaper;Release TU
268,00;1503;503;12;11;2;Preshaper;Queue Up
268,00;0;0;0;59;2;Preshaper;Queue Down
268,00;1503;503;7;107;1;Shaper;End Process
268,00;1502;502;14;13;2;Melter;Start Process
268,10;0;0;0;10;3;Preshaper;Release TU
269,10;0;0;0;8;4;Preshaper;Release TU
269,10;1505;505;6;106;2;Shaper;End Process
270,10;1504;504;9;58;3;Preshaper;End Process
271,10;1506;506;10;51;4;Preshaper;End Process
272,10;1505;505;16;0;4;Melter;Queue Up
272,10;1505;505;11;5;3;Preshaper;Queue Up
272,10;0;0;0;60;3;Preshaper;Queue Down
272,10;1505;505;16;6;4;Melter;Start Process
272,10;1505;505;11;5;3;Preshaper;Start Process
273,00;0;0;0;107;3;Conditioner;Queue Down
274,00;1506;506;15;12;4;Preshaper;Queue Up
274,00;1501;501;13;1;1;Preshaper;Queue Up
274,00;1502;502;14;13;2;Melter;End Process
274,00;1506;506;15;12;4;Preshaper;Start Process
274,00;1501;501;13;1;1;Preshaper;Start Process
275,10;1504;504;9;58;3;Conditioner;Queue Up
275,10;0;0;0;108;3;Conditioner;Queue Down
275,10;1504;504;9;58;3;Conditioner;Start Process
275,10;0;0;0;108;3;Conditioner;Queue Down
276,10;1506;506;10;51;4;Conditioner;Queue Up
276,10;0;0;0;58;3;Conditioner;Release TU
276,10;1506;506;10;51;4;Conditioner;Start Process
276,10;0;0;0;101;4;Conditioner;Queue Down
277,10;0;0;0;51;4;Conditioner;Release TU
280,10;1505;505;16;6;4;Melter;End Process
280,10;1504;504;9;107;3;Conditioner;End Process
281,00;0;0;0;59;2;Preshaper;Queue Down
281,00;1502;502;8;59;2;Preshaper;End Process
281,00;1503;503;12;11;2;Preshaper;Start Process
282,10;1506;506;10;103;4;Conditioner;End Process
283,10;1504;504;9;107;2;Shaper;Queue Up
283,10;1504;504;9;107;2;Shaper;Start Process
284,00;1503;503;17;0;3;Melter;Queue Up
284,00;0;0;0;14;3;Melter;Queue Down
284,00;1502;502;14;13;2;Preshaper;Queue Up
284,00;0;0;0;61;2;Preshaper;Queue Down
284,00;1503;503;17;14;3;Melter;Start Process
285,10;1506;506;10;103;2;Shaper;Queue Up
286,00;0;0;0;1;1;Preshaper;Release TU
286,00;1502;502;8;59;2;Conditioner;Queue Up
286,00;0;0;0;109;2;Conditioner;Queue Down
286,00;1502;502;8;59;2;Conditioner;Start Process
286,00;0;0;0;109;2;Conditioner;Queue Down
287,00;0;0;0;59;2;Conditioner;Release TU
287,10;0;0;0;60;3;Preshaper;Queue Down
287,10;1504;504;9;107;2;Shaper;End Process
287,10;1506;506;10;103;2;Shaper;Start Process
288,00;1501;501;13;54;1;Preshaper;End Process
288,10;0;0;0;55;4;Preshaper;Queue Down
288,10;0;0;0;5;3;Preshaper;Release TU
289,10;1506;506;20;0;4;Melter;Queue Up
289,10;1506;506;20;7;4;Melter;Start Process
290,00;1503;503;17;14;3;Melter;End Process
290,00;1502;502;8;109;2;Conditioner;End Process
290,10;1504;504;18;0;1;Melter;Queue Up
290,10;1505;505;11;60;3;Preshaper;End Process
290,10;1505;505;16;6;3;Preshaper;Queue Up
290,10;1504;504;18;4;1;Melter;Start Process
290,10;1505;505;16;6;3;Preshaper;Start Process
291,10;1506;506;10;103;2;Shaper;End Process
292,00;1501;501;19;0;2;Melter;Queue Up
292,00;0;0;0;15;2;Melter;Queue Down
292,00;0;0;0;12;4;Preshaper;Release TU
292,00;1501;501;19;15;2;Melter;Start Process
293,00;1501;501;13;54;1;Conditioner;Queue Up
293,00;1502;502;8;109;1;Shaper;Queue Up
293,00;1501;501;13;54;1;Conditioner;Start Process
293,00;1502;502;8;109;1;Shaper;Start Process
293,00;0;0;0;102;1;Conditioner;Queue Down
294,00;1506;506;15;55;4;Preshaper;End Process
294,00;0;0;0;54;1;Conditioner;Release TU
294,10;1504;504;18;4;1;Melter;End Process
294,10;0;0;0;107;2;Conditioner;Queue Down
295,00;0;0;0;11;2;Preshaper;Release TU
295,00;1502;502;8;109;1;Shaper;End Process
295,10;1505;505;11;60;3;Conditioner;Queue Up
295,10;1505;505;11;60;3;Conditioner;Start Process
295,10;0;0;0;106;3;Conditioner;Queue Down
296,00;1501;501;13;105;1;Conditioner;End Process
296,10;0;0;0;60;3;Conditioner;Release TU
297,00;0;0;0;61;2;Preshaper;Queue Down
297,00;1503;503;12;61;2;Preshaper;End Process
297,00;1502;502;14;13;2;Preshaper;Start Process
297,10;1506;506;20;7;4;Melter;End Process
298,00;1501;501;19;15;2;Melter;End Process
299,00;0;0;0;52;1;Preshaper;Queue Down
299,00;1506;506;15;55;4;Conditioner;Queue Up
299,00;1501;501;13;105;1;Shaper;Queue Up
299,00;1506;506;15;55;4;Conditioner;Start Process
299,00;1501;501;13;105;1;Shaper;Start Process
299,00;0;0;0;104;4;Conditioner;Queue Down
300,00;1503;503;22;0;4;Melter;Queue Up
300,00;1503;503;17;14;2;Preshaper;Queue Up
300,00;0;0;0;55;4;Conditioner;Release TU
300,00;1503;503;22;9;4;Melter;Start Process
300,10;1505;505;11;108;3;Conditioner;End Process
301,00;1501;501;13;105;1;Shaper;End Process
302,00;1503;503;12;61;2;Conditioner;Queue Up
302,00;0;0;0;110;2;Conditioner;Queue Down
302,00;1503;503;12;61;2;Conditioner;Start Process
302,00;0;0;0;110;2;Conditioner;Queue Down
303,00;0;0;0;61;2;Conditioner;Release TU
303,10;1505;505;11;108;2;Shaper;Queue Up
303,10;1505;505;11;108;2;Shaper;Start Process
304,10;1504;504;18;4;3;Preshaper;Queue Up
305,00;1506;506;15;101;4;Conditioner;End Process
305,10;0;0;0;58;3;Preshaper;Queue Down
306,00;1503;503;12;107;2;Conditioner;End Process
306,10;0;0;0;6;3;Preshaper;Release TU
307,10;1506;506;20;7;4;Preshaper;Queue Up
307,10;1505;505;11;108;2;Shaper;End Process
307,10;1506;506;20;7;4;Preshaper;Start Process
308,00;1501;501;19;15;1;Preshaper;Queue Up
308,00;1503;503;22;9;4;Melter;End Process
308,00;1506;506;15;101;2;Shaper;Queue Up
308,00;1501;501;19;15;1;Preshaper;Start Process
308,00;1506;506;15;101;2;Shaper;Start Process
308,10;1505;505;21;0;3;Melter;Queue Up
308,10;1505;505;16;58;3;Preshaper;End Process
308,10;1504;504;18;4;3;Preshaper;Start Process
308,10;1505;505;21;1;3;Melter;Start Process
309,00;1503;503;12;107;1;Shaper;Queue Up
309,00;1503;503;12;107;1;Shaper;Start Process
310,00;0;0;0;59;2;Preshaper;Queue Down
311,00;0;0;0;56;4;Preshaper;Queue Down
311,00;0;0;0;13;2;Preshaper;Release TU
311,00;1503;503;12;107;1;Shaper;End Process
312,00;1506;506;15;101;2;Shaper;End Process
313,00;1502;502;14;59;2;Preshaper;End Process
313,00;1503;503;17;14;2;Preshaper;Start Process
313,10;1505;505;16;58;3;Conditioner;Queue Up
313,10;0;0;0;111;3;Conditioner;Queue Down
313,10;1505;505;16;58;3;Conditioner;Start Process
313,10;0;0;0;111;3;Conditioner;Queue Down
314,10;1505;505;21;1;3;Melter;End Process
314,10;0;0;0;58;3;Conditioner;Release TU
316,00;1502;502;23;0;1;Melter;Queue Up
316,00;1502;502;23;2;1;Melter;Start Process
318,00;1503;503;22;9;2;Preshaper;Queue Up
318,00;1502;502;14;59;2;Conditioner;Queue Up
318,00;0;0;0;112;2;Conditioner;Queue Down
318,00;1502;502;14;59;2;Conditioner;Start Process
318,00;0;0;0;112;2;Conditioner;Queue Down
318,10;1505;505;16;106;3;Conditioner;End Process
319,00;0;0;0;59;2;Conditioner;Release TU
320,00;0;0;0;15;1;Preshaper;Release TU
320,00;1502;502;23;2;1;Melter;End Process
321,10;1505;505;16;106;2;Shaper;Queue Up
321,10;1505;505;16;106;2;Shaper;Start Process
322,00;1501;501;19;52;1;Preshaper;End Process
322,00;1502;502;14;110;2;Conditioner;End Process
323,10;0;0;0;51;3;Preshaper;Queue Down
324,00;1501;501;27;0;1;Melter;Queue Up
324,00;1501;501;27;3;1;Melter;Start Process
324,10;0;0;0;4;3;Preshaper;Release TU
324,10;1505;505;21;1;3;Preshaper;Queue Up
324,10;0;0;0;62;3;Preshaper;Queue Down
325,00;1502;502;14;110;1;Shaper;Queue Up
325,00;1502;502;14;110;1;Shaper;Start Process
325,10;1506;506;25;0;4;Melter;Queue Up
325,10;0;0;0;7;4;Preshaper;Release TU
325,10;1505;505;16;106;2;Shaper;End Process
325,10;1506;506;25;10;4;Melter;Start Process
326,00;0;0;0;55;2;Preshaper;Queue Down
326,10;1504;504;24;0;2;Melter;Queue Up
326,10;1504;504;18;51;3;Preshaper;End Process
326,10;1505;505;21;1;3;Preshaper;Start Process
326,10;1504;504;24;6;2;Melter;Start Process
327,00;0;0;0;14;2;Preshaper;Release TU
327,00;1501;501;19;52;1;Conditioner;Queue Up
327,00;1502;502;14;110;1;Shaper;End Process
327,00;1501;501;19;52;1;Conditioner;Start Process
327,00;0;0;0;103;1;Conditioner;Queue Down
327,10;1506;506;20;56;4;Preshaper;End Process
328,00;1501;501;27;3;1;Melter;End Process
328,00;0;0;0;52;1;Conditioner;Release TU
329,00;1503;503;17;55;2;Preshaper;End Process
329,00;1503;503;22;9;2;Preshaper;Start Process
330,00;1502;502;23;2;2;Preshaper;Queue Up
330,00;0;0;0;63;2;Preshaper;Queue Down
330,00;1501;501;19;102;1;Conditioner;End Process
331,10;1504;504;18;51;3;Conditioner;Queue Up
331,10;1504;504;18;51;3;Conditioner;Start Process
331,10;0;0;0;101;3;Conditioner;Queue Down
332,00;1502;502;28;0;1;Melter;Queue Up
332,00;1502;502;28;15;1;Melter;Start Process
332,10;1504;504;24;6;2;Melter;End Process
332,10;1506;506;20;56;4;Conditioner;Queue Up
332,10;0;0;0;51;3;Conditioner;Release TU
332,10;1506;506;20;56;4;Conditioner;Start Process
332,10;0;0;0;105;4;Conditioner;Queue Down
333,00;0;0;0;53;1;Preshaper;Queue Down
333,00;1501;501;19;102;1;Shaper;Queue Up
333,00;1501;501;19;102;1;Shaper;Start Process
333,10;1506;506;25;10;4;Melter;End Process
333,10;0;0;0;56;4;Conditioner;Release TU
334,00;1503;503;17;55;2;Conditioner;Queue Up
334,00;1503;503;17;55;2;Conditioner;Start Process
334,00;0;0;0;110;2;Conditioner;Queue Down
335,00;1501;501;19;102;1;Shaper;End Process
335,00;0;0;0;55;2;Conditioner;Release TU
336,00;1502;502;28;15;1;Melter;End Process
336,10;1504;504;18;111;3;Conditioner;End Process
338,00;1501;501;27;3;1;Preshaper;Queue Up
338,00;1503;503;17;112;2;Conditioner;End Process
338,00;1501;501;27;3;1;Preshaper;Start Process
338,10;1506;506;20;104;4;Conditioner;End Process
339,10;1504;504;18;111;2;Shaper;Queue Up
339,10;1504;504;18;111;2;Shaper;Start Process
341,00;1503;503;17;112;1;Shaper;Queue Up
341,00;1503;503;17;112;1;Shaper;Start Process
341,10;0;0;0;62;3;Preshaper;Queue Down
341,10;1506;506;20;104;2;Shaper;Queue Up
342,10;0;0;0;1;3;Preshaper;Release TU
342,10;1504;504;24;6;3;Preshaper;Queue Up
343,00;0;0;0;9;2;Preshaper;Release TU
343,00;0;0;0;63;2;Preshaper;Queue Down
343,00;1503;503;17;112;1;Shaper;End Process
343,10;1506;506;25;10;4;Preshaper;Queue Up
343,10;1504;504;18;111;2;Shaper;End Process
343,10;1506;506;20;104;2;Shaper;Start Process
343,10;1506;506;25;10;4;Preshaper;Start Process
344,10;1505;505;26;0;3;Melter;Queue Up
344,10;1505;505;21;62;3;Preshaper;End Process
344,10;1504;504;24;6;3;Preshaper;Start Process
344,10;0;0;0;57;4;Preshaper;Queue Down
344,10;1505;505;26;5;3;Melter;Start Process
345,00;1503;503;22;63;2;Preshaper;End Process
345,00;1502;502;23;2;2;Preshaper;Start Process
346,00;1502;502;28;15;2;Preshaper;Queue Up
347,10;1506;506;20;104;2;Shaper;End Process
348,00;1503;503;29;0;4;Melter;Queue Up
348,00;1503;503;29;8;4;Melter;Start Process
349,10;1505;505;21;62;3;Conditioner;Queue Up
349,10;1505;505;21;62;3;Conditioner;Start Process
349,10;0;0;0;102;3;Conditioner;Queue Down
350,00;0;0;0;3;1;Preshaper;Release TU
350,00;1503;503;22;63;2;Conditioner;Queue Up
350,00;1503;503;22;63;2;Conditioner;Start Process
350,00;0;0;0;106;2;Conditioner;Queue Down
350,10;1505;505;26;5;3;Melter;End Process
350,10;0;0;0;62;3;Conditioner;Release TU
351,00;0;0;0;63;2;Conditioner;Release TU
352,00;1501;501;27;53;1;Preshaper;End Process
354,00;1503;503;22;110;2;Conditioner;End Process
354,10;1505;505;21;101;3;Conditioner;End Process
356,00;1501;501;31;0;1;Melter;Queue Up
356,00;1503;503;29;8;4;Melter;End Process
356,00;1501;501;31;4;1;Melter;Start Process
357,00;1501;501;27;53;1;Conditioner;Queue Up
357,00;1503;503;22;110;1;Shaper;Queue Up
357,00;1501;501;27;53;1;Conditioner;Start Process
357,00;1503;503;22;110;1;Shaper;Start Process
357,00;0;0;0;109;1;Conditioner;Queue Down
357,10;1505;505;21;101;2;Shaper;Queue Up
357,10;1505;505;21;101;2;Shaper;Start Process
358,00;0;0;0;56;2;Preshaper;Queue Down
358,00;0;0;0;53;1;Conditioner;Release TU
359,00;0;0;0;2;2;Preshaper;Release TU
359,00;1503;503;22;110;1;Shaper;End Process
359,10;0;0;0;52;3;Preshaper;Queue Down
360,00;1501;501;31;4;1;Melter;End Process
360,00;1501;501;27;103;1;Conditioner;End Process
360,10;0;0;0;6;3;Preshaper;Release TU
360,10;1505;505;26;5;3;Preshaper;Queue Up
361,00;1502;502;23;56;2;Preshaper;End Process
361,00;1502;502;28;15;2;Preshaper;Start Process
361,10;0;0;0;10;4;Preshaper;Release TU
361,10;1506;506;32;0;3;Melter;Queue Up
361,10;1505;505;21;101;2;Shaper;End Process
361,10;1506;506;32;12;3;Melter;Start Process
362,10;1504;504;30;0;2;Melter;Queue Up
362,10;1504;504;24;52;3;Preshaper;End Process
362,10;1505;505;26;5;3;Preshaper;Start Process
362,10;1504;504;30;13;2;Melter;Start Process
363,00;0;0;0;54;1;Preshaper;Queue Down
363,00;1501;501;27;103;1;Shaper;Queue Up
363,00;1501;501;27;103;1;Shaper;Start Process
363,10;1506;506;25;57;4;Preshaper;End Process
364,00;1502;502;34;0;1;Melter;Queue Up
364,00;1502;502;34;7;1;Melter;Start Process
365,00;1501;501;27;103;1;Shaper;End Process
366,00;1503;503;29;8;2;Preshaper;Queue Up
366,00;1502;502;23;56;2;Conditioner;Queue Up
366,00;0;0;0;113;2;Conditioner;Queue Down
366,00;1502;502;23;56;2;Conditioner;Start Process
366,00;0;0;0;113;2;Conditioner;Queue Down
367,00;0;0;0;56;2;Conditioner;Release TU
367,10;1506;506;32;12;3;Melter;End Process
367,10;1504;504;24;52;3;Conditioner;Queue Up
367,10;1504;504;24;52;3;Conditioner;Start Process
367,10;0;0;0;110;3;Conditioner;Queue Down
368,00;1502;502;34;7;1;Melter;End Process
368,10;1504;504;30;13;2;Melter;End Process
368,10;1506;506;25;57;4;Conditioner;Queue Up
368,10;0;0;0;52;3;Conditioner;Release TU
368,10;1506;506;25;57;4;Conditioner;Start Process
368,10;0;0;0;108;4;Conditioner;Queue Down
369,10;0;0;0;57;4;Conditioner;Release TU
370,00;1501;501;31;4;1;Preshaper;Queue Up
370,00;1502;502;23;106;2;Conditioner;End Process
370,00;1501;501;31;4;1;Preshaper;Start Process
372,10;1504;504;24;102;3;Conditioner;End Process
373,00;1502;502;23;106;1;Shaper;Queue Up
373,00;1502;502;23;106;1;Shaper;Start Process
374,00;0;0;0;55;2;Preshaper;Queue Down
374,10;1506;506;25;105;4;Conditioner;End Process
375,00;0;0;0;15;2;Preshaper;Release TU
375,00;1502;502;23;106;1;Shaper;End Process
375,10;1504;504;24;102;2;Shaper;Queue Up
375,10;1504;504;24;102;2;Shaper;Start Process
377,00;1502;502;28;55;2;Preshaper;End Process
377,00;1503;503;29;8;2;Preshaper;Start Process
377,10;0;0;0;51;3;Preshaper;Queue Down
377,10;1506;506;32;12;4;Preshaper;Queue Up
377,10;1506;506;25;105;2;Shaper;Queue Up
377,10;1506;506;32;12;4;Preshaper;Start Process
378,00;1502;502;34;7;2;Preshaper;Queue Up
378,00;0;0;0;64;2;Preshaper;Queue Down
378,10;0;0;0;5;3;Preshaper;Release TU
378,10;1504;504;30;13;3;Preshaper;Queue Up
379,10;1504;504;24;102;2;Shaper;End Process
379,10;1506;506;25;105;2;Shaper;Start Process
380,00;1503;503;35;0;3;Melter;Queue Up
380,00;1503;503;35;11;3;Melter;Start Process
380,10;1505;505;33;0;4;Melter;Queue Up
380,10;1505;505;26;51;3;Preshaper;End Process
380,10;1504;504;30;13;3;Preshaper;Start Process
380,10;0;0;0;61;4;Preshaper;Queue Down
380,10;1505;505;33;1;4;Melter;Start Process
382,00;0;0;0;4;1;Preshaper;Release TU
382,00;1502;502;28;55;2;Conditioner;Queue Up
382,00;1502;502;28;55;2;Conditioner;Start Process
382,00;0;0;0;106;2;Conditioner;Queue Down
383,00;0;0;0;55;2;Conditioner;Release TU
383,10;1506;506;25;105;2;Shaper;End Process
384,00;1501;501;31;54;1;Preshaper;End Process
385,10;1505;505;26;51;3;Conditioner;Queue Up
385,10;1505;505;26;51;3;Conditioner;Start Process
385,10;0;0;0;101;3;Conditioner;Queue Down
386,00;1503;503;35;11;3;Melter;End Process
386,00;1502;502;28;113;2;Conditioner;End Process
386,10;0;0;0;51;3;Conditioner;Release TU
388,00;1501;501;37;0;1;Melter;Queue Up
388,00;1501;501;37;14;1;Melter;Start Process
388,10;1505;505;33;1;4;Melter;End Process
389,00;1501;501;31;54;1;Conditioner;Queue Up
389,00;1502;502;28;113;1;Shaper;Queue Up
389,00;1501;501;31;54;1;Conditioner;Start Process
389,00;1502;502;28;113;1;Shaper;Start Process
389,00;0;0;0;112;1;Conditioner;Queue Down
390,00;0;0;0;54;1;Conditioner;Release TU
390,10;1505;505;26;110;3;Conditioner;End Process
391,00;0;0;0;8;2;Preshaper;Release TU
391,00;0;0;0;64;2;Preshaper;Queue Down
391,00;1502;502;28;113;1;Shaper;End Process
392,00;1501;501;37;14;1;Melter;End Process
392,00;1501;501;31;109;1;Conditioner;End Process
393,00;1503;503;29;64;2;Preshaper;End Process
393,00;1502;502;34;7;2;Preshaper;Start Process
393,10;1505;505;26;110;2;Shaper;Queue Up
393,10;1505;505;26;110;2;Shaper;Start Process
395,00;0;0;0;60;1;Preshaper;Queue Down
395,00;1501;501;31;109;1;Shaper;Queue Up
395,00;1501;501;31;109;1;Shaper;Start Process
395,10;0;0;0;12;4;Preshaper;Release TU
395,10;0;0;0;56;3;Preshaper;Queue Down
396,00;1503;503;35;11;2;Preshaper;Queue Up
396,00;1502;502;40;0;1;Melter;Queue Up
396,00;1502;502;40;15;1;Melter;Start Process
396,10;0;0;0;13;3;Preshaper;Release TU
397,00;1501;501;31;109;1;Shaper;End Process
397,10;1506;506;32;61;4;Preshaper;End Process
397,10;1506;506;38;0;3;Melter;Queue Up
397,10;1505;505;26;110;2;Shaper;End Process
397,10;1506;506;38;4;3;Melter;Start Process
398,00;1503;503;29;64;2;Conditioner;Queue Up
398,00;1503;503;29;64;2;Conditioner;Start Process
398,00;0;0;0;102;2;Conditioner;Queue Down
398,10;1504;504;36;0;2;Melter;Queue Up
398,10;1504;504;30;56;3;Preshaper;End Process
398,10;1505;505;33;1;3;Preshaper;Queue Up
398,10;1504;504;36;2;2;Melter;Start Process
398,10;1505;505;33;1;3;Preshaper;Start Process
399,00;0;0;0;64;2;Conditioner;Release TU
400,00;1502;502;40;15;1;Melter;End Process
402,00;1501;501;37;14;1;Preshaper;Queue Up
402,00;1503;503;29;106;2;Conditioner;End Process
402,00;1501;501;37;14;1;Preshaper;Start Process
402,10;1506;506;32;61;4;Conditioner;Queue Up
402,10;1506;506;32;61;4;Conditioner;Start Process
402,10;0;0;0;107;4;Conditioner;Queue Down
403,10;1506;506;38;4;3;Melter;End Process
403,10;1504;504;30;56;3;Conditioner;Queue Up
403,10;0;0;0;61;4;Conditioner;Release TU
403,10;1504;504;30;56;3;Conditioner;Start Process
403,10;0;0;0;103;3;Conditioner;Queue Down
404,10;1504;504;36;2;2;Melter;End Process
404,10;0;0;0;56;3;Conditioner;Release TU
405,00;1503;503;29;106;1;Shaper;Queue Up
405,00;1503;503;29;106;1;Shaper;Start Process
406,00;0;0;0;55;2;Preshaper;Queue Down
407,00;0;0;0;7;2;Preshaper;Release TU
407,00;1503;503;29;106;1;Shaper;End Process
408,10;1506;506;32;108;4;Conditioner;End Process
408,10;1504;504;30;101;3;Conditioner;End Process
409,00;1502;502;34;55;2;Preshaper;End Process
409,00;1503;503;35;11;2;Preshaper;Start Process
410,00;1502;502;40;15;2;Preshaper;Queue Up
411,10;1506;506;32;108;2;Shaper;Queue Up
411,10;1504;504;30;101;2;Shaper;Queue Up
411,10;1506;506;32;108;2;Shaper;Start Process
412,00;1503;503;42;0;3;Melter;Queue Up
412,00;1503;503;42;8;3;Melter;Start Process
413,10;0;0;0;52;3;Preshaper;Queue Down
413,10;1506;506;38;4;4;Preshaper;Queue Up
413,10;1506;506;38;4;4;Preshaper;Start Process
414,00;0;0;0;14;1;Preshaper;Release TU
414,00;1502;502;34;55;2;Conditioner;Queue Up
414,00;1502;502;34;55;2;Conditioner;Start Process
414,00;0;0;0;109;2;Conditioner;Queue Down
414,10;0;0;0;58;4;Preshaper;Queue Down
414,10;0;0;0;1;3;Preshaper;Release TU
414,10;1504;504;36;2;3;Preshaper;Queue Up
415,00;0;0;0;55;2;Conditioner;Release TU
415,10;1506;506;32;108;2;Shaper;End Process
415,10;1504;504;30;101;2;Shaper;Start Process
416,00;1501;501;37;60;1;Preshaper;End Process
416,10;1505;505;39;0;4;Melter;Queue Up
416,10;1505;505;33;52;3;Preshaper;End Process
416,10;1504;504;36;2;3;Preshaper;Start Process
416,10;1505;505;39;9;4;Melter;Start Process
418,00;1503;503;42;8;3;Melter;End Process
418,00;1502;502;34;102;2;Conditioner;End Process
419,10;1504;504;30;101;2;Shaper;End Process
420,00;1501;501;43;0;2;Melter;Queue Up
420,00;1501;501;43;6;2;Melter;Start Process
421,00;1501;501;37;60;1;Conditioner;Queue Up
421,00;1502;502;34;102;1;Shaper;Queue Up
421,00;1501;501;37;60;1;Conditioner;Start Process
421,00;1502;502;34;102;1;Shaper;Start Process
421,00;0;0;0;111;1;Conditioner;Queue Down
421,10;1505;505;33;52;3;Conditioner;Queue Up
421,10;1505;505;33;52;3;Conditioner;Start Process
421,10;0;0;0;105;3;Conditioner;Queue Down
422,00;0;0;0;51;2;Preshaper;Queue Down
422,00;0;0;0;60;1;Conditioner;Release TU
422,10;0;0;0;52;3;Conditioner;Release TU
423,00;0;0;0;11;2;Preshaper;Release TU
423,00;1502;502;34;102;1;Shaper;End Process
424,00;1501;501;37;112;1;Conditioner;End Process
424,10;1505;505;39;9;4;Melter;End Process
425,00;1503;503;35;51;2;Preshaper;End Process
425,00;1502;502;40;15;2;Preshaper;Start Process
426,00;1501;501;43;6;2;Melter;End Process
426,10;1505;505;33;103;3;Conditioner;End Process
427,00;0;0;0;62;1;Preshaper;Queue Down
427,00;1501;501;37;112;1;Shaper;Queue Up
427,00;1501;501;37;112;1;Shaper;Start Process
428,00;1503;503;42;8;2;Preshaper;Queue Up
428,00;1502;502;46;0;2;Melter;Queue Up
428,00;1502;502;46;10;2;Melter;Start Process
429,00;1501;501;37;112;1;Shaper;End Process
429,10;1505;505;33;103;2;Shaper;Queue Up
429,10;1505;505;33;103;2;Shaper;Start Process
430,00;1503;503;35;51;2;Conditioner;Queue Up
430,00;1503;503;35;51;2;Conditioner;Start Process
430,00;0;0;0;110;2;Conditioner;Queue Down
431,00;0;0;0;51;2;Conditioner;Release TU
431,10;0;0;0;4;4;Preshaper;Release TU
431,10;0;0;0;57;3;Preshaper;Queue Down
432,10;0;0;0;2;3;Preshaper;Release TU
433,10;1506;506;44;0;3;Melter;Queue Up
433,10;1506;506;38;58;4;Preshaper;End Process
433,10;1505;505;33;103;2;Shaper;End Process
433,10;1506;506;44;12;3;Melter;Start Process
434,00;1502;502;46;10;2;Melter;End Process
434,00;1503;503;35;109;2;Conditioner;End Process
434,10;1504;504;41;0;1;Melter;Queue Up
434,10;1504;504;36;57;3;Preshaper;End Process
434,10;1505;505;39;9;3;Preshaper;Queue Up
434,10;1504;504;41;5;1;Melter;Start Process
434,10;1505;505;39;9;3;Preshaper;Start Process
436,00;1501;501;43;6;1;Preshaper;Queue Up
436,00;1501;501;43;6;1;Preshaper;Start Process
437,00;1503;503;35;109;1;Shaper;Queue Up
437,00;1503;503;35;109;1;Shaper;Start Process
438,00;0;0;0;54;2;Preshaper;Queue Down
438,10;1506;506;38;58;4;Conditioner;Queue Up
438,10;1504;504;41;5;1;Melter;End Process
438,10;1506;506;38;58;4;Conditioner;Start Process
438,10;0;0;0;104;4;Conditioner;Queue Down
439,00;0;0;0;15;2;Preshaper;Release TU
439,00;1503;503;35;109;1;Shaper;End Process
439,10;1506;506;44;12;3;Melter;End Process
439,10;1504;504;36;57;3;Conditioner;Queue Up
439,10;0;0;0;58;4;Conditioner;Release TU
439,10;1504;504;36;57;3;Conditioner;Start Process
439,10;0;0;0;108;3;Conditioner;Queue Down
440,10;0;0;0;57;3;Conditioner;Release TU
441,00;1502;502;40;54;2;Preshaper;End Process
441,00;1503;503;42;8;2;Preshaper;Start Process
444,00;1503;503;48;0;3;Melter;Queue Up
444,00;1502;502;46;10;2;Preshaper;Queue Up
444,00;0;0;0;65;2;Preshaper;Queue Down
444,00;1503;503;48;14;3;Melter;Start Process
444,10;1506;506;38;107;4;Conditioner;End Process
444,10;1504;504;36;105;3;Conditioner;End Process
446,00;1502;502;40;54;2;Conditioner;Queue Up
446,00;0;0;0;114;2;Conditioner;Queue Down
446,00;1502;502;40;54;2;Conditioner;Start Process
446,00;0;0;0;114;2;Conditioner;Queue Down
447,00;0;0;0;54;2;Conditioner;Release TU
447,10;1506;506;38;107;2;Shaper;Queue Up
447,10;1504;504;36;105;2;Shaper;Queue Up
447,10;1506;506;38;107;2;Shaper;Start Process
448,00;0;0;0;6;1;Preshaper;Release TU
448,10;1504;504;41;5;3;Preshaper;Queue Up
449,10;0;0;0;56;3;Preshaper;Queue Down
449,10;1506;506;44;12;4;Preshaper;Queue Up
449,10;1506;506;44;12;4;Preshaper;Start Process
450,00;1501;501;43;62;1;Preshaper;End Process
450,00;1503;503;48;14;3;Melter;End Process
450,00;1502;502;40;110;2;Conditioner;End Process
450,10;0;0;0;59;4;Preshaper;Queue Down
450,10;0;0;0;9;3;Preshaper;Release TU
451,10;1506;506;38;107;2;Shaper;End Process
451,10;1504;504;36;105;2;Shaper;Start Process
452,00;1501;501;49;0;1;Melter;Queue Up
452,00;1501;501;49;13;1;Melter;Start Process
452,10;1505;505;45;0;4;Melter;Queue Up
452,10;1505;505;39;56;3;Preshaper;End Process
452,10;1504;504;41;5;3;Preshaper;Start Process
452,10;1505;505;45;3;4;Melter;Start Process
453,00;1502;502;40;110;1;Shaper;Queue Up
453,00;1502;502;40;110;1;Shaper;Start Process
455,00;0;0;0;8;2;Preshaper;Release TU
455,00;1501;501;43;62;1;Conditioner;Queue Up
455,00;1502;502;40;110;1;Shaper;End Process
455,00;1501;501;43;62;1;Conditioner;Start Process
455,00;0;0;0;113;1;Conditioner;Queue Down
455,10;1504;504;36;105;2;Shaper;End Process
456,00;1501;501;49;13;1;Melter;End Process
456,00;0;0;0;62;1;Conditioner;Release TU
457,00;0;0;0;65;2;Preshaper;Queue Down
457,00;1503;503;42;65;2;Preshaper;End Process
457,00;1502;502;46;10;2;Preshaper;Start Process
457,10;1505;505;39;56;3;Conditioner;Queue Up
457,10;1505;505;39;56;3;Conditioner;Start Process
457,10;0;0;0;103;3;Conditioner;Queue Down
458,00;1501;501;43;111;1;Conditioner;End Process
458,10;0;0;0;56;3;Conditioner;Release TU
460,00;1503;503;48;14;2;Preshaper;Queue Up
460,00;1502;502;51;0;1;Melter;Queue Up
460,00;1502;502;51;7;1;Melter;Start Process
460,10;1505;505;45;3;4;Melter;End Process
461,00;0;0;0;63;1;Preshaper;Queue Down
461,00;1501;501;43;111;1;Shaper;Queue Up
461,00;1501;501;43;111;1;Shaper;Start Process
462,00;1503;503;42;65;2;Conditioner;Queue Up
462,00;0;0;0;115;2;Conditioner;Queue Down
462,00;1503;503;42;65;2;Conditioner;Start Process
462,00;0;0;0;115;2;Conditioner;Queue Down
462,10;1505;505;39;108;3;Conditioner;End Process
463,00;1501;501;43;111;1;Shaper;End Process
463,00;0;0;0;65;2;Conditioner;Release TU
464,00;1502;502;51;7;1;Melter;End Process
465,10;1505;505;39;108;2;Shaper;Queue Up
465,10;1505;505;39;108;2;Shaper;Start Process
466,00;1501;501;49;13;1;Preshaper;Queue Up
466,00;1503;503;42;114;2;Conditioner;End Process
466,00;1501;501;49;13;1;Preshaper;Start Process
467,10;0;0;0;12;4;Preshaper;Release TU
467,10;0;0;0;51;3;Preshaper;Queue Down
468,10;0;0;0;5;3;Preshaper;Release TU
469,00;1503;503;42;114;1;Shaper;Queue Up
469,00;1503;503;42;114;1;Shaper;Start Process
469,10;1506;506;50;0;3;Melter;Queue Up
469,10;1506;506;44;59;4;Preshaper;End Process
469,10;1505;505;39;108;2;Shaper;End Process
469,10;1506;506;50;1;3;Melter;Start Process
470,00;0;0;0;54;2;Preshaper;Queue Down
470,10;1504;504;47;0;2;Melter;Queue Up
470,10;1504;504;41;51;3;Preshaper;End Process
470,10;1505;505;45;3;3;Preshaper;Queue Up
470,10;1504;504;47;15;2;Melter;Start Process
470,10;1505;505;45;3;3;Preshaper;Start Process
471,00;0;0;0;10;2;Preshaper;Release TU
471,00;1503;503;42;114;1;Shaper;End Process
473,00;1502;502;46;54;2;Preshaper;End Process
473,00;1503;503;48;14;2;Preshaper;Start Process
474,00;1502;502;51;7;2;Preshaper;Queue Up
474,10;1506;506;44;59;4;Conditioner;Queue Up
474,10;1506;506;44;59;4;Conditioner;Start Process
474,10;0;0;0;106;4;Conditioner;Queue Down
475,10;1506;506;50;1;3;Melter;End Process
475,10;1504;504;41;51;3;Conditioner;Queue Up
475,10;0;0;0;59;4;Conditioner;Release TU
475,10;1504;504;41;51;3;Conditioner;Start Process
475,10;0;0;0;107;3;Conditioner;Queue Down
476,10;1504;504;47;15;2;Melter;End Process
476,10;0;0;0;51;3;Conditioner;Release TU
478,00;0;0;0;13;1;Preshaper;Release TU
478,00;1502;502;46;54;2;Conditioner;Queue Up
478,00;1502;502;46;54;2;Conditioner;Start Process
478,00;0;0;0;111;2;Conditioner;Queue Down
479,00;0;0;0;54;2;Conditioner;Release TU
479,10;1503;503;54;0;3;Melter;Queue Up
479,10;1503;503;54;6;3;Melter;Start Process
480,00;1501;501;49;63;1;Preshaper;End Process
480,10;1506;506;44;104;4;Conditioner;End Process
480,10;1504;504;41;103;3;Conditioner;End Process
482,00;1502;502;46;115;2;Conditioner;End Process
483,10;1506;506;44;104;2;Shaper;Queue Up
483,10;1504;504;41;103;2;Shaper;Queue Up
483,10;1506;506;44;104;2;Shaper;Start Process
485,00;1501;501;49;63;1;Conditioner;Queue Up
485,00;1502;502;46;115;1;Shaper;Queue Up
485,00;1501;501;49;63;1;Conditioner;Start Process
485,00;1502;502;46;115;1;Shaper;Start Process
485,00;0;0;0;101;1;Conditioner;Queue Down
485,10;0;0;0;58;3;Preshaper;Queue Down
485,10;1506;506;50;1;4;Preshaper;Queue Up
485,10;1503;503;54;6;3;Melter;End Process
485,10;1506;506;50;1;4;Preshaper;Start Process
486,00;0;0;0;62;2;Preshaper;Queue Down
486,00;0;0;0;63;1;Conditioner;Release TU
486,10;0;0;0;53;4;Preshaper;Queue Down
486,10;0;0;0;3;3;Preshaper;Release TU
486,10;1504;504;47;15;3;Preshaper;Queue Up
487,00;0;0;0;14;2;Preshaper;Release TU
487,00;1502;502;46;115;1;Shaper;End Process
487,10;1501;501;55;0;2;Melter;Queue Up
487,10;1506;506;44;104;2;Shaper;End Process
487,10;1504;504;41;103;2;Shaper;Start Process
487,10;1501;501;55;10;2;Melter;Start Process
488,00;1501;501;49;113;1;Conditioner;End Process
488,10;1505;505;52;0;4;Melter;Queue Up
488,10;1505;505;45;58;3;Preshaper;End Process
488,10;1504;504;47;15;3;Preshaper;Start Process
488,10;1505;505;52;11;4;Melter;Start Process
489,00;1503;503;48;62;2;Preshaper;End Process
489,00;1502;502;51;7;2;Preshaper;Start Process
491,00;0;0;0;64;1;Preshaper;Queue Down
491,00;1501;501;49;113;1;Shaper;Queue Up
491,00;1501;501;49;113;1;Shaper;Start Process
491,10;1504;504;41;103;2;Shaper;End Process
493,00;1501;501;49;113;1;Shaper;End Process
493,10;1501;501;55;10;2;Melter;End Process
493,10;1505;505;45;58;3;Conditioner;Queue Up
493,10;1505;505;45;58;3;Conditioner;Start Process
493,10;0;0;0;110;3;Conditioner;Queue Down
494,00;1503;503;48;62;2;Conditioner;Queue Up
494,00;1503;503;48;62;2;Conditioner;Start Process
494,00;0;0;0;114;2;Conditioner;Queue Down
494,10;0;0;0;58;3;Conditioner;Release TU
495,00;0;0;0;62;2;Conditioner;Release TU
495,10;1503;503;54;6;2;Preshaper;Queue Up
495,10;1502;502;57;0;2;Melter;Queue Up
495,10;1502;502;57;13;2;Melter;Start Process
496,10;1505;505;52;11;4;Melter;End Process
498,00;1503;503;48;111;2;Conditioner;End Process
498,10;1505;505;45;107;3;Conditioner;End Process
501,00;1503;503;48;111;1;Shaper;Queue Up
501,00;1503;503;48;111;1;Shaper;Start Process
501,10;1502;502;57;13;2;Melter;End Process
501,10;1505;505;45;107;2;Shaper;Queue Up
501,10;1505;505;45;107;2;Shaper;Start Process
502,00;0;0;0;56;2;Preshaper;Queue Down
503,00;0;0;0;7;2;Preshaper;Release TU
503,00;1503;503;48;111;1;Shaper;End Process
503,10;0;0;0;1;4;Preshaper;Release TU
503,10;0;0;0;57;3;Preshaper;Queue Down
503,10;1501;501;55;10;1;Preshaper;Queue Up
503,10;1501;501;55;10;1;Preshaper;Start Process
504,10;0;0;0;15;3;Preshaper;Release TU
505,00;1502;502;51;56;2;Preshaper;End Process
505,00;1503;503;54;6;2;Preshaper;Start Process
505,10;1506;506;56;0;3;Melter;Queue Up
505,10;1506;506;50;53;4;Preshaper;End Process
505,10;1505;505;45;107;2;Shaper;End Process
505,10;1506;506;56;9;3;Melter;Start Process
506,10;1504;504;53;0;1;Melter;Queue Up
506,10;1504;504;47;57;3;Preshaper;End Process
506,10;1505;505;52;11;3;Preshaper;Queue Up
506,10;1504;504;53;8;1;Melter;Start Process
506,10;1505;505;52;11;3;Preshaper;Start Process
510,00;1502;502;51;56;2;Conditioner;Queue Up
510,00;1502;502;51;56;2;Conditioner;Start Process
510,00;0;0;0;108;2;Conditioner;Queue Down
510,10;1506;506;50;53;4;Conditioner;Queue Up
510,10;1504;504;53;8;1;Melter;End Process
510,10;1506;506;50;53;4;Conditioner;Start Process
510,10;0;0;0;112;4;Conditioner;Queue Down
511,00;0;0;0;56;2;Conditioner;Release TU
511,10;1502;502;57;13;2;Preshaper;Queue Up
511,10;1506;506;56;9;3;Melter;End Process
511,10;1504;504;47;57;3;Conditioner;Queue Up
511,10;0;0;0;53;4;Conditioner;Release TU
511,10;1504;504;47;57;3;Conditioner;Start Process
511,10;0;0;0;105;3;Conditioner;Queue Down
512,10;0;0;0;57;3;Conditioner;Release TU
514,00;1502;502;51;114;2;Conditioner;End Process
515,10;0;0;0;10;1;Preshaper;Release TU
515,10;1503;503;60;0;3;Melter;Queue Up
515,10;1503;503;60;3;3;Melter;Start Process
516,10;1506;506;50;106;4;Conditioner;End Process
516,10;1504;504;47;110;3;Conditioner;End Process
517,00;1502;502;51;114;1;Shaper;Queue Up
517,00;1502;502;51;114;1;Shaper;Start Process
517,10;1501;501;55;64;1;Preshaper;End Process
518,00;0;0;0;63;2;Preshaper;Queue Down
519,00;0;0;0;6;2;Preshaper;Release TU
519,00;1502;502;51;114;1;Shaper;End Process
519,10;1506;506;50;106;2;Shaper;Queue Up
519,10;1504;504;47;110;2;Shaper;Queue Up
519,10;1506;506;50;106;2;Shaper;Start Process
520,10;1504;504;53;8;3;Preshaper;Queue Up
521,00;1503;503;54;63;2;Preshaper;End Process
521,00;1502;502;57;13;2;Preshaper;Start Process
521,10;0;0;0;59;3;Preshaper;Queue Down
521,10;1506;506;56;9;4;Preshaper;Queue Up
521,10;1503;503;60;3;3;Melter;End Process
521,10;1506;506;56;9;4;Preshaper;Start Process
522,10;0;0;0;55;4;Preshaper;Queue Down
522,10;0;0;0;11;3;Preshaper;Release TU
522,10;1501;501;55;64;1;Conditioner;Queue Up
522,10;1501;501;55;64;1;Conditioner;Start Process
522,10;0;0;0;102;1;Conditioner;Queue Down
523,10;1501;501;61;0;1;Melter;Queue Up
523,10;1506;506;50;106;2;Shaper;End Process
523,10;1504;504;47;110;2;Shaper;Start Process
523,10;0;0;0;64;1;Conditioner;Release TU
523,10;1501;501;61;12;1;Melter;Start Process
524,10;1505;505;58;0;4;Melter;Queue Up
524,10;1505;505;52;59;3;Preshaper;End Process
524,10;1504;504;53;8;3;Preshaper;Start Process
524,10;1505;505;58;4;4;Melter;Start Process
525,10;1501;501;55;101;1;Conditioner;End Process
526,00;1503;503;54;63;2;Conditioner;Queue Up
526,00;0;0;0;116;2;Conditioner;Queue Down
526,00;1503;503;54;63;2;Conditioner;Start Process
526,00;0;0;0;116;2;Conditioner;Queue Down
527,00;0;0;0;63;2;Conditioner;Release TU
527,10;1504;504;47;110;2;Shaper;End Process
527,10;1501;501;61;12;1;Melter;End Process
528,10;0;0;0;61;1;Preshaper;Queue Down
528,10;1501;501;55;101;1;Shaper;Queue Up
528,10;1501;501;55;101;1;Shaper;Start Process
529,10;1505;505;52;59;3;Conditioner;Queue Up
529,10;1505;505;52;59;3;Conditioner;Start Process
529,10;0;0;0;111;3;Conditioner;Queue Down
530,00;1503;503;54;108;2;Conditioner;End Process
530,10;1501;501;55;101;1;Shaper;End Process
530,10;0;0;0;59;3;Conditioner;Release TU
531,10;1503;503;60;3;2;Preshaper;Queue Up
531,10;0;0;0;66;2;Preshaper;Queue Down
531,10;1502;502;63;0;1;Melter;Queue Up
531,10;1502;502;63;5;1;Melter;Start Process
532,10;1505;505;58;4;4;Melter;End Process
533,00;1503;503;54;108;1;Shaper;Queue Up
533,00;1503;503;54;108;1;Shaper;Start Process
534,10;1505;505;52;105;3;Conditioner;End Process
535,00;0;0;0;13;2;Preshaper;Release TU
535,00;1503;503;54;108;1;Shaper;End Process
535,10;1502;502;63;5;1;Melter;End Process
537,10;1501;501;61;12;1;Preshaper;Queue Up
537,10;1505;505;52;105;2;Shaper;Queue Up
537,10;1501;501;61;12;1;Preshaper;Start Process
537,10;1505;505;52;105;2;Shaper;Start Process
539,10;0;0;0;9;4;Preshaper;Release TU
539,10;0;0;0;51;3;Preshaper;Queue Down
540,10;0;0;0;8;3;Preshaper;Release TU
541,10;1506;506;62;0;3;Melter;Queue Up
541,10;1506;506;56;55;4;Preshaper;End Process
541,10;1505;505;52;105;2;Shaper;End Process
541,10;1506;506;62;14;3;Melter;Start Process
542,10;1504;504;59;0;2;Melter;Queue Up
542,10;1504;504;53;51;3;Preshaper;End Process
542,10;1505;505;58;4;3;Preshaper;Queue Up
542,10;1504;504;59;10;2;Melter;Start Process
542,10;1505;505;58;4;3;Preshaper;Start Process
544,10;0;0;0;66;2;Preshaper;Queue Down
544,10;1502;502;57;66;2;Preshaper;End Process
544,10;1503;503;60;3;2;Preshaper;Start Process
545,10;1502;502;63;5;2;Preshaper;Queue Up
546,10;1506;506;56;55;4;Conditioner;Queue Up
546,10;1506;506;56;55;4;Conditioner;Start Process
546,10;0;0;0;109;4;Conditioner;Queue Down
547,10;1506;506;62;14;3;Melter;End Process
547,10;1504;504;53;51;3;Conditioner;Queue Up
547,10;0;0;0;55;4;Conditioner;Release TU
547,10;1504;504;53;51;3;Conditioner;Start Process
547,10;0;0;0;107;3;Conditioner;Queue Down
548,10;1504;504;59;10;2;Melter;End Process
548,10;0;0;0;51;3;Conditioner;Release TU
549,10;0;0;0;12;1;Preshaper;Release TU
549,10;1502;502;57;66;2;Conditioner;Queue Up
549,10;1502;502;57;66;2;Conditioner;Start Process
549,10;0;0;0;106;2;Conditioner;Queue Down
550,10;0;0;0;66;2;Conditioner;Release TU
551,10;1501;501;61;61;1;Preshaper;End Process
551,10;1503;503;66;0;3;Melter;Queue Up
551,10;1503;503;66;6;3;Melter;Start Process
552,10;1506;506;56;112;4;Conditioner;End Process
552,10;1504;504;53;111;3;Conditioner;End Process
553,10;1502;502;57;116;2;Conditioner;End Process
555,10;1506;506;56;112;2;Shaper;Queue Up
555,10;1504;504;53;111;2;Shaper;Queue Up
555,10;1506;506;56;112;2;Shaper;Start Process
556,10;1501;501;61;61;1;Conditioner;Queue Up
556,10;1502;502;57;116;1;Shaper;Queue Up
556,10;1501;501;61;61;1;Conditioner;Start Process
556,10;1502;502;57;116;1;Shaper;Start Process
556,10;0;0;0;115;1;Conditioner;Queue Down
557,10;0;0;0;54;3;Preshaper;Queue Down
557,10;0;0;0;59;2;Preshaper;Queue Down
557,10;1506;506;62;14;4;Preshaper;Queue Up
557,10;1503;503;66;6;3;Melter;End Process
557,10;0;0;0;61;1;Conditioner;Release TU
557,10;1506;506;62;14;4;Preshaper;Start Process
558,10;0;0;0;60;4;Preshaper;Queue Down
558,10;0;0;0;4;3;Preshaper;Release TU
558,10;0;0;0;3;2;Preshaper;Release TU
558,10;1504;504;59;10;3;Preshaper;Queue Up
558,10;1502;502;57;116;1;Shaper;End Process
559,10;1501;501;67;0;2;Melter;Queue Up
559,10;0;0;0;16;2;Melter;Queue Down
559,10;1506;506;56;112;2;Shaper;End Process
559,10;1504;504;53;111;2;Shaper;Start Process
559,10;1501;501;61;102;1;Conditioner;End Process
559,10;1501;501;67;16;2;Melter;Start Process
560,10;1505;505;64;0;4;Melter;Queue Up
560,10;1505;505;58;54;3;Preshaper;End Process
560,10;1504;504;59;10;3;Preshaper;Start Process
560,10;1503;503;60;59;2;Preshaper;End Process
560,10;1502;502;63;5;2;Preshaper;Start Process
560,10;1505;505;64;2;4;Melter;Start Process
562,10;0;0;0;65;1;Preshaper;Queue Down
562,10;1501;501;61;102;1;Shaper;Queue Up
562,10;1501;501;61;102;1;Shaper;Start Process
563,10;1504;504;53;111;2;Shaper;End Process
564,10;1501;501;61;102;1;Shaper;End Process
565,10;1501;501;67;16;2;Melter;End Process
565,10;1505;505;58;54;3;Conditioner;Queue Up
565,10;1503;503;60;59;2;Conditioner;Queue Up
565,10;1505;505;58;54;3;Conditioner;Start Process
565,10;1503;503;60;59;2;Conditioner;Start Process
565,10;0;0;0;114;3;Conditioner;Queue Down
565,10;0;0;0;110;2;Conditioner;Queue Down
566,10;0;0;0;54;3;Conditioner;Release TU
566,10;0;0;0;59;2;Conditioner;Release TU
567,10;1503;503;66;6;2;Preshaper;Queue Up
567,10;1502;502;69;0;2;Melter;Queue Up
567,10;1502;502;69;12;2;Melter;Start Process
568,10;1505;505;64;2;4;Melter;End Process
569,10;1503;503;60;106;2;Conditioner;End Process
570,10;1505;505;58;107;3;Conditioner;End Process
572,10;1503;503;60;106;1;Shaper;Queue Up
572,10;1503;503;60;106;1;Shaper;Start Process
573,10;0;0;0;55;2;Preshaper;Queue Down
573,10;1502;502;69;12;2;Melter;End Process
573,10;1505;505;58;107;2;Shaper;Queue Up
573,10;1505;505;58;107;2;Shaper;Start Process
574,10;0;0;0;5;2;Preshaper;Release TU
574,10;1503;503;60;106;1;Shaper;End Process
575,10;0;0;0;14;4;Preshaper;Release TU
575,10;0;0;0;64;3;Preshaper;Queue Down
575,10;1501;501;67;16;1;Preshaper;Queue Up
575,10;1501;501;67;16;1;Preshaper;Start Process
576,10;0;0;0;10;3;Preshaper;Release TU
576,10;1502;502;63;55;2;Preshaper;End Process
576,10;1503;503;66;6;2;Preshaper;Start Process
577,10;1506;506;68;0;3;Melter;Queue Up
577,10;1506;506;62;60;4;Preshaper;End Process
577,10;1505;505;58;107;2;Shaper;End Process
577,10;1506;506;68;11;3;Melter;Start Process
578,10;1504;504;65;0;1;Melter;Queue Up
578,10;1504;504;59;64;3;Preshaper;End Process
578,10;1505;505;64;2;3;Preshaper;Queue Up
578,10;1504;504;65;13;1;Melter;Start Process
578,10;1505;505;64;2;3;Preshaper;Start Process
581,10;1502;502;63;55;2;Conditioner;Queue Up
581,10;1502;502;63;55;2;Conditioner;Start Process
581,10;0;0;0;101;2;Conditioner;Queue Down
582,10;1506;506;62;60;4;Conditioner;Queue Up
582,10;1504;504;65;13;1;Melter;End Process
582,10;0;0;0;55;2;Conditioner;Release TU
582,10;1506;506;62;60;4;Conditioner;Start Process
582,10;0;0;0;113;4;Conditioner;Queue Down
583,10;1502;502;69;12;2;Preshaper;Queue Up
583,10;1506;506;68;11;3;Melter;End Process
583,10;1504;504;59;64;3;Conditioner;Queue Up
583,10;0;0;0;60;4;Conditioner;Release TU
583,10;1504;504;59;64;3;Conditioner;Start Process
583,10;0;0;0;105;3;Conditioner;Queue Down
584,10;0;0;0;64;3;Conditioner;Release TU
585,10;1502;502;63;110;2;Conditioner;End Process
587,10;0;0;0;16;1;Preshaper;Release TU
587,10;1503;503;72;0;3;Melter;Queue Up
587,10;1503;503;72;3;3;Melter;Start Process
588,10;1506;506;62;109;4;Conditioner;End Process
588,10;1504;504;59;114;3;Conditioner;End Process
588,10;1502;502;63;110;1;Shaper;Queue Up
588,10;1502;502;63;110;1;Shaper;Start Process
589,10;1501;501;67;65;1;Preshaper;End Process
589,10;0;0;0;51;2;Preshaper;Queue Down
590,10;0;0;0;6;2;Preshaper;Release TU
590,10;1502;502;63;110;1;Shaper;End Process
591,10;1506;506;62;109;2;Shaper;Queue Up
591,10;1504;504;59;114;2;Shaper;Queue Up
591,10;1506;506;62;109;2;Shaper;Start Process
592,10;1503;503;66;51;2;Preshaper;End Process
592,10;1502;502;69;12;2;Preshaper;Start Process
592,10;1504;504;65;13;3;Preshaper;Queue Up
593,10;0;0;0;63;3;Preshaper;Queue Down
593,10;1506;506;68;11;4;Preshaper;Queue Up
593,10;1503;503;72;3;3;Melter;End Process
593,10;1506;506;68;11;4;Preshaper;Start Process
594,10;0;0;0;52;4;Preshaper;Queue Down
594,10;0;0;0;2;3;Preshaper;Release TU
594,10;1501;501;67;65;1;Conditioner;Queue Up
594,10;1501;501;67;65;1;Conditioner;Start Process
594,10;0;0;0;104;1;Conditioner;Queue Down
595,10;1501;501;73;0;1;Melter;Queue Up
595,10;1506;506;62;109;2;Shaper;End Process
595,10;1504;504;59;114;2;Shaper;Start Process
595,10;0;0;0;65;1;Conditioner;Release TU
595,10;1501;501;73;9;1;Melter;Start Process
596,10;1505;505;70;0;4;Melter;Queue Up
596,10;1505;505;64;63;3;Preshaper;End Process
596,10;1504;504;65;13;3;Preshaper;Start Process
596,10;1505;505;70;7;4;Melter;Start Process
597,10;1503;503;66;51;2;Conditioner;Queue Up
597,10;0;0;0;117;2;Conditioner;Queue Down
597,10;1501;501;67;115;1;Conditioner;End Process
597,10;1503;503;66;51;2;Conditioner;Start Process
597,10;0;0;0;117;2;Conditioner;Queue Down
598,10;0;0;0;51;2;Conditioner;Release TU
599,10;1504;504;59;114;2;Shaper;End Process
599,10;1501;501;73;9;1;Melter;End Process
600,10;0;0;0;58;1;Preshaper;Queue Down
600,10;1501;501;67;115;1;Shaper;Queue Up
600,10;1501;501;67;115;1;Shaper;Start Process
601,10;1505;505;64;63;3;Conditioner;Queue Up
601,10;1503;503;66;101;2;Conditioner;End Process
601,10;1505;505;64;63;3;Conditioner;Start Process
601,10;0;0;0;106;3;Conditioner;Queue Down
602,10;1501;501;67;115;1;Shaper;End Process
602,10;0;0;0;63;3;Conditioner;Release TU
603,10;1503;503;72;3;2;Preshaper;Queue Up
603,10;1502;502;75;0;1;Melter;Queue Up
603,10;1502;502;75;8;1;Melter;Start Process
604,10;1505;505;70;7;4;Melter;End Process
604,10;1503;503;66;101;1;Shaper;Queue Up
604,10;1503;503;66;101;1;Shaper;Start Process
605,10;0;0;0;66;2;Preshaper;Queue Down
606,10;0;0;0;12;2;Preshaper;Release TU
606,10;1505;505;64;105;3;Conditioner;End Process
606,10;1503;503;66;101;1;Shaper;End Process
607,10;1502;502;75;8;1;Melter;End Process
608,10;1502;502;69;66;2;Preshaper;End Process
608,10;1503;503;72;3;2;Preshaper;Start Process
609,10;1501;501;73;9;1;Preshaper;Queue Up
609,10;1505;505;64;105;2;Shaper;Queue Up
609,10;1501;501;73;9;1;Preshaper;Start Process
609,10;1505;505;64;105;2;Shaper;Start Process
611,10;0;0;0;11;4;Preshaper;Release TU
611,10;0;0;0;61;3;Preshaper;Queue Down
612,10;0;0;0;13;3;Preshaper;Release TU
613,10;1506;506;74;0;3;Melter;Queue Up
613,10;1506;506;68;52;4;Preshaper;End Process
613,10;1502;502;69;66;2;Conditioner;Queue Up
613,10;1505;505;64;105;2;Shaper;End Process
613,10;1506;506;74;4;3;Melter;Start Process
613,10;1502;502;69;66;2;Conditioner;Start Process
613,10;0;0;0;101;2;Conditioner;Queue Down
614,10;1504;504;71;0;2;Melter;Queue Up
614,10;1504;504;65;61;3;Preshaper;End Process
614,10;1505;505;70;7;3;Preshaper;Queue Up
614,10;0;0;0;66;2;Conditioner;Release TU
614,10;1504;504;71;5;2;Melter;Start Process
614,10;1505;505;70;7;3;Preshaper;Start Process
617,10;1502;502;75;8;2;Preshaper;Queue Up
617,10;1502;502;69;117;2;Conditioner;End Process
618,10;1506;506;68;52;4;Conditioner;Queue Up
618,10;1506;506;68;52;4;Conditioner;Start Process
618,10;0;0;0;103;4;Conditioner;Queue Down
619,10;1506;506;74;4;3;Melter;End Process
619,10;1504;504;65;61;3;Conditioner;Queue Up
619,10;0;0;0;52;4;Conditioner;Release TU
619,10;1504;504;65;61;3;Conditioner;Start Process
619,10;0;0;0;107;3;Conditioner;Queue Down
620,10;1504;504;71;5;2;Melter;End Process
620,10;1502;502;69;117;1;Shaper;Queue Up
620,10;0;0;0;61;3;Conditioner;Release TU
620,10;1502;502;69;117;1;Shaper;Start Process
621,10;0;0;0;63;2;Preshaper;Queue Down
621,10;0;0;0;9;1;Preshaper;Release TU
622,10;0;0;0;3;2;Preshaper;Release TU
622,10;1502;502;69;117;1;Shaper;End Process
623,10;1501;501;73;58;1;Preshaper;End Process
623,10;1503;503;78;0;3;Melter;Queue Up
623,10;1503;503;78;6;3;Melter;Start Process
624,10;1503;503;72;63;2;Preshaper;End Process
624,10;1502;502;75;8;2;Preshaper;Start Process
624,10;1506;506;68;113;4;Conditioner;End Process
624,10;1504;504;65;106;3;Conditioner;End Process
627,10;1506;506;68;113;2;Shaper;Queue Up
627,10;1504;504;65;106;2;Shaper;Queue Up
627,10;1506;506;68;113;2;Shaper;Start Process
628,10;1501;501;73;58;1;Conditioner;Queue Up
628,10;1501;501;73;58;1;Conditioner;Start Process
628,10;0;0;0;108;1;Conditioner;Queue Down
629,10;0;0;0;55;3;Preshaper;Queue Down
629,10;1506;506;74;4;4;Preshaper;Queue Up
629,10;1503;503;78;6;3;Melter;End Process
629,10;1503;503;72;63;2;Conditioner;Queue Up
629,10;0;0;0;58;1;Conditioner;Release TU
629,10;1506;506;74;4;4;Preshaper;Start Process
629,10;1503;503;72;63;2;Conditioner;Start Process
629,10;0;0;0;105;2;Conditioner;Queue Down
630,10;0;0;0;56;4;Preshaper;Queue Down
630,10;0;0;0;7;3;Preshaper;Release TU
630,10;1504;504;71;5;3;Preshaper;Queue Up
630,10;0;0;0;63;2;Conditioner;Release TU
631,10;1501;501;79;0;2;Melter;Queue Up
631,10;1506;506;68;113;2;Shaper;End Process
631,10;1504;504;65;106;2;Shaper;Start Process
631,10;1501;501;73;104;1;Conditioner;End Process
631,10;1501;501;79;14;2;Melter;Start Process
632,10;1505;505;76;0;4;Melter;Queue Up
632,10;1505;505;70;55;3;Preshaper;End Process
632,10;1504;504;71;5;3;Preshaper;Start Process
632,10;1505;505;76;1;4;Melter;Start Process
633,10;1503;503;72;101;2;Conditioner;End Process
634,10;0;0;0;62;1;Preshaper;Queue Down
634,10;1501;501;73;104;1;Shaper;Queue Up
634,10;1501;501;73;104;1;Shaper;Start Process
635,10;1504;504;65;106;2;Shaper;End Process
636,10;1503;503;72;101;1;Shaper;Queue Up
636,10;1501;501;73;104;1;Shaper;End Process
636,10;1503;503;72;101;1;Shaper;Start Process
637,10;0;0;0;66;2;Preshaper;Queue Down
637,10;1501;501;79;14;2;Melter;End Process
637,10;1505;505;70;55;3;Conditioner;Queue Up
637,10;1505;505;70;55;3;Conditioner;Start Process
637,10;0;0;0;109;3;Conditioner;Queue Down
638,10;0;0;0;8;2;Preshaper;Release TU
638,10;1503;503;72;101;1;Shaper;End Process
638,10;0;0;0;55;3;Conditioner;Release TU
639,10;1503;503;78;6;2;Preshaper;Queue Up
639,10;1502;502;81;0;2;Melter;Queue Up
639,10;1502;502;81;10;2;Melter;Start Process
640,10;1502;502;75;66;2;Preshaper;End Process
640,10;1503;503;78;6;2;Preshaper;Start Process
640,10;1505;505;76;1;4;Melter;End Process
642,10;1505;505;70;107;3;Conditioner;End Process
645,10;1502;502;81;10;2;Melter;End Process
645,10;1502;502;75;66;2;Conditioner;Queue Up
645,10;1505;505;70;107;2;Shaper;Queue Up
645,10;1502;502;75;66;2;Conditioner;Start Process
645,10;1505;505;70;107;2;Shaper;Start Process
645,10;0;0;0;117;2;Conditioner;Queue Down
646,10;0;0;0;66;2;Conditioner;Release TU
647,10;0;0;0;4;4;Preshaper;Release TU
647,10;0;0;0;60;3;Preshaper;Queue Down
647,10;1501;501;79;14;1;Preshaper;Queue Up
647,10;1501;501;79;14;1;Preshaper;Start Process
648,10;0;0;0;5;3;Preshaper;Release TU
649,10;1506;506;80;0;3;Melter;Queue Up
649,10;1506;506;74;56;4;Preshaper;End Process
649,10;1502;502;75;105;2;Conditioner;End Process
649,10;1505;505;70;107;2;Shaper;End Process
649,10;1506;506;80;2;3;Melter;Start Process
650,10;1504;504;77;0;1;Melter;Queue Up
650,10;1504;504;71;60;3;Preshaper;End Process
650,10;1505;505;76;1;3;Preshaper;Queue Up
650,10;1504;504;77;16;1;Melter;Start Process
650,10;1505;505;76;1;3;Preshaper;Start Process
652,10;1502;502;75;105;1;Shaper;Queue Up
652,10;1502;502;75;105;1;Shaper;Start Process
653,10;0;0;0;52;2;Preshaper;Queue Down
654,10;0;0;0;6;2;Preshaper;Release TU
654,10;1506;506;74;56;4;Conditioner;Queue Up
654,10;1504;504;77;16;1;Melter;End Process
654,10;1502;502;75;105;1;Shaper;End Process
654,10;1506;506;74;56;4;Conditioner;Start Process
654,10;0;0;0;102;4;Conditioner;Queue Down
655,10;1502;502;81;10;2;Preshaper;Queue Up
655,10;1506;506;80;2;3;Melter;End Process
655,10;1504;504;71;60;3;Conditioner;Queue Up
655,10;0;0;0;56;4;Conditioner;Release TU
655,10;1504;504;71;60;3;Conditioner;Start Process
655,10;0;0;0;114;3;Conditioner;Queue Down
656,10;1503;503;78;52;2;Preshaper;End Process
656,10;1502;502;81;10;2;Preshaper;Start Process
656,10;0;0;0;60;3;Conditioner;Release TU
659,10;0;0;0;14;1;Preshaper;Release TU
659,10;1503;503;84;0;3;Melter;Queue Up
659,10;0;0;0;17;3;Melter;Queue Down
659,10;1503;503;84;17;3;Melter;Start Process
660,10;1506;506;74;103;4;Conditioner;End Process
660,10;1504;504;71;109;3;Conditioner;End Process
661,10;1501;501;79;62;1;Preshaper;End Process
661,10;1503;503;78;52;2;Conditioner;Queue Up
661,10;1503;503;78;52;2;Conditioner;Start Process
661,10;0;0;0;113;2;Conditioner;Queue Down
662,10;0;0;0;52;2;Conditioner;Release TU
663,10;1506;506;74;103;2;Shaper;Queue Up
663,10;1504;504;71;109;2;Shaper;Queue Up
663,10;1506;506;74;103;2;Shaper;Start Process
664,10;1504;504;77;16;3;Preshaper;Queue Up
665,10;0;0;0;64;3;Preshaper;Queue Down
665,10;1506;506;80;2;4;Preshaper;Queue Up
665,10;1503;503;84;17;3;Melter;End Process
665,10;1503;503;78;117;2;Conditioner;End Process
665,10;1506;506;80;2;4;Preshaper;Start Process
666,10;0;0;0;53;4;Preshaper;Queue Down
666,10;0;0;0;1;3;Preshaper;Release TU
666,10;1501;501;79;62;1;Conditioner;Queue Up
666,10;1501;501;79;62;1;Conditioner;Start Process
666,10;0;0;0;116;1;Conditioner;Queue Down
667,10;1501;501;85;0;1;Melter;Queue Up
667,10;1506;506;74;103;2;Shaper;End Process
667,10;1504;504;71;109;2;Shaper;Start Process
667,10;0;0;0;62;1;Conditioner;Release TU
667,10;1501;501;85;12;1;Melter;Start Process
668,10;1505;505;82;0;4;Melter;Queue Up
668,10;1505;505;76;64;3;Preshaper;End Process
668,10;1504;504;77;16;3;Preshaper;Start Process
668,10;1503;503;78;117;1;Shaper;Queue Up
668,10;1505;505;82;15;4;Melter;Start Process
668,10;1503;503;78;117;1;Shaper;Start Process
669,10;0;0;0;61;2;Preshaper;Queue Down
669,10;1501;501;79;108;1;Conditioner;End Process
670,10;0;0;0;10;2;Preshaper;Release TU
670,10;1503;503;78;117;1;Shaper;End Process
671,10;1504;504;71;109;2;Shaper;End Process
671,10;1501;501;85;12;1;Melter;End Process
672,10;1502;502;81;61;2;Preshaper;End Process
672,10;0;0;0;54;1;Preshaper;Queue Down
672,10;1501;501;79;108;1;Shaper;Queue Up
672,10;1501;501;79;108;1;Shaper;Start Process
673,10;1505;505;76;64;3;Conditioner;Queue Up
673,10;1505;505;76;64;3;Conditioner;Start Process
673,10;0;0;0;115;3;Conditioner;Queue Down
674,10;1501;501;79;108;1;Shaper;End Process
674,10;0;0;0;64;3;Conditioner;Release TU
675,10;1503;503;84;17;2;Preshaper;Queue Up
675,10;1502;502;87;0;1;Melter;Queue Up
675,10;1503;503;84;17;2;Preshaper;Start Process
675,10;1502;502;87;11;1;Melter;Start Process
676,10;1505;505;82;15;4;Melter;End Process
677,10;1502;502;81;61;2;Conditioner;Queue Up
677,10;0;0;0;118;2;Conditioner;Queue Down
677,10;1502;502;81;61;2;Conditioner;Start Process
677,10;0;0;0;118;2;Conditioner;Queue Down
678,10;1505;505;76;114;3;Conditioner;End Process
678,10;0;0;0;61;2;Conditioner;Release TU
679,10;1502;502;87;11;1;Melter;End Process
681,10;1501;501;85;12;1;Preshaper;Queue Up
681,10;1502;502;81;113;2;Conditioner;End Process
681,10;1505;505;76;114;2;Shaper;Queue Up
681,10;1501;501;85;12;1;Preshaper;Start Process
681,10;1505;505;76;114;2;Shaper;Start Process
683,10;0;0;0;2;4;Preshaper;Release TU
683,10;0;0;0;58;3;Preshaper;Queue Down
684,10;0;0;0;16;3;Preshaper;Release TU
684,10;1502;502;81;113;1;Shaper;Queue Up
684,10;1502;502;81;113;1;Shaper;Start Process
685,10;1506;506;86;0;3;Melter;Queue Up
685,10;1506;506;80;53;4;Preshaper;End Process
685,10;0;0;0;66;2;Preshaper;Queue Down
685,10;1505;505;76;114;2;Shaper;End Process
685,10;1506;506;86;6;3;Melter;Start Process
686,10;1504;504;83;0;2;Melter;Queue Up
686,10;0;0;0;18;2;Melter;Queue Down
686,10;1504;504;77;58;3;Preshaper;End Process
686,10;1505;505;82;15;3;Preshaper;Queue Up
686,10;1502;502;81;113;1;Shaper;End Process
686,10;1504;504;83;18;2;Melter;Start Process
686,10;1505;505;82;15;3;Preshaper;Start Process
689,10;0;0;0;17;2;Preshaper;Release TU
689,10;1502;502;87;11;2;Preshaper;Queue Up
690,10;1506;506;80;53;4;Conditioner;Queue Up
690,10;1506;506;80;53;4;Conditioner;Start Process
690,10;0;0;0;111;4;Conditioner;Queue Down
691,10;1503;503;84;66;2;Preshaper;End Process
691,10;1502;502;87;11;2;Preshaper;Start Process
691,10;1506;506;86;6;3;Melter;End Process
691,10;1504;504;77;58;3;Conditioner;Queue Up
691,10;0;0;0;53;4;Conditioner;Release TU
691,10;1504;504;77;58;3;Conditioner;Start Process
691,10;0;0;0;103;3;Conditioner;Queue Down
692,10;1504;504;83;18;2;Melter;End Process
692,10;0;0;0;58;3;Conditioner;Release TU
693,10;0;0;0;12;1;Preshaper;Release TU
695,10;1501;501;85;54;1;Preshaper;End Process
695,10;1503;503;90;0;3;Melter;Queue Up
695,10;1503;503;90;14;3;Melter;Start Process
696,10;1506;506;80;102;4;Conditioner;End Process
696,10;1504;504;77;115;3;Conditioner;End Process
696,10;1503;503;84;66;2;Conditioner;Queue Up
696,10;1503;503;84;66;2;Conditioner;Start Process
696,10;0;0;0;113;2;Conditioner;Queue Down
697,10;0;0;0;66;2;Conditioner;Release TU
699,10;1506;506;80;102;2;Shaper;Queue Up
699,10;1504;504;77;115;2;Shaper;Queue Up
699,10;1506;506;80;102;2;Shaper;Start Process
700,10;1501;501;85;54;1;Conditioner;Queue Up
700,10;1503;503;84;118;2;Conditioner;End Process
700,10;1501;501;85;54;1;Conditioner;Start Process
700,10;0;0;0;112;1;Conditioner;Queue Down
701,10;0;0;0;63;3;Preshaper;Queue Down
701,10;1506;506;86;6;4;Preshaper;Queue Up
701,10;1503;503;90;14;3;Melter;End Process
701,10;0;0;0;54;1;Conditioner;Release TU
701,10;1506;506;86;6;4;Preshaper;Start Process
702,10;0;0;0;57;4;Preshaper;Queue Down
702,10;0;0;0;15;3;Preshaper;Release TU
702,10;1504;504;83;18;3;Preshaper;Queue Up
703,10;1501;501;91;0;2;Melter;Queue Up
703,10;1506;506;80;102;2;Shaper;End Process
703,10;1504;504;77;115;2;Shaper;Start Process
703,10;1501;501;85;116;1;Conditioner;End Process
703,10;1503;503;84;118;1;Shaper;Queue Up
703,10;1501;501;91;2;2;Melter;Start Process
703,10;1503;503;84;118;1;Shaper;Start Process
704,10;1505;505;88;0;4;Melter;Queue Up
704,10;1505;505;82;63;3;Preshaper;End Process
704,10;1504;504;83;18;3;Preshaper;Start Process
704,10;0;0;0;56;2;Preshaper;Queue Down
704,10;1505;505;88;3;4;Melter;Start Process
705,10;0;0;0;11;2;Preshaper;Release TU
705,10;1503;503;84;118;1;Shaper;End Process
706,10;0;0;0;59;1;Preshaper;Queue Down
706,10;1501;501;85;116;1;Shaper;Queue Up
706,10;1501;501;85;116;1;Shaper;Start Process
707,10;1502;502;87;56;2;Preshaper;End Process
707,10;1504;504;77;115;2;Shaper;End Process
708,10;1501;501;85;116;1;Shaper;End Process
709,10;1501;501;91;2;2;Melter;End Process
709,10;1505;505;82;63;3;Conditioner;Queue Up
709,10;1505;505;82;63;3;Conditioner;Start Process
709,10;0;0;0;117;3;Conditioner;Queue Down
710,10;0;0;0;63;3;Conditioner;Release TU
711,10;1503;503;90;14;2;Preshaper;Queue Up
711,10;1502;502;93;0;2;Melter;Queue Up
711,10;1503;503;90;14;2;Preshaper;Start Process
711,10;1502;502;93;16;2;Melter;Start Process
712,10;1505;505;88;3;4;Melter;End Process
712,10;1502;502;87;56;2;Conditioner;Queue Up
712,10;1502;502;87;56;2;Conditioner;Start Process
712,10;0;0;0;114;2;Conditioner;Queue Down
713,10;0;0;0;56;2;Conditioner;Release TU
714,10;1505;505;82;103;3;Conditioner;End Process
716,10;1502;502;87;113;2;Conditioner;End Process
717,10;1502;502;93;16;2;Melter;End Process
717,10;1505;505;82;103;2;Shaper;Queue Up
717,10;1505;505;82;103;2;Shaper;Start Process
719,10;0;0;0;6;4;Preshaper;Release TU
719,10;0;0;0;64;3;Preshaper;Queue Down
719,10;1501;501;91;2;1;Preshaper;Queue Up
719,10;1502;502;87;113;1;Shaper;Queue Up
719,10;1501;501;91;2;1;Preshaper;Start Process
719,10;1502;502;87;113;1;Shaper;Start Process
720,10;0;0;0;18;3;Preshaper;Release TU
720,10;0;0;0;60;2;Preshaper;Queue Down
721,10;1506;506;92;0;3;Melter;Queue Up
721,10;1506;506;86;57;4;Preshaper;End Process
721,10;1505;505;82;103;2;Shaper;End Process
721,10;1502;502;87;113;1;Shaper;End Process
721,10;1506;506;92;1;3;Melter;Start Process
722,10;1504;504;89;0;1;Melter;Queue Up
722,10;1504;504;83;64;3;Preshaper;End Process
722,10;1505;505;88;3;3;Preshaper;Queue Up
722,10;1504;504;89;13;1;Melter;Start Process
722,10;1505;505;88;3;3;Preshaper;Start Process
725,10;0;0;0;14;2;Preshaper;Release TU
726,10;1506;506;86;57;4;Conditioner;Queue Up
726,10;1504;504;89;13;1;Melter;End Process
726,10;1506;506;86;57;4;Conditioner;Start Process
726,10;0;0;0;110;4;Conditioner;Queue Down
727,10;1503;503;90;60;2;Preshaper;End Process
727,10;1502;502;93;16;2;Preshaper;Queue Up
727,10;1506;506;92;1;3;Melter;End Process
727,10;1504;504;83;64;3;Conditioner;Queue Up
727,10;0;0;0;57;4;Conditioner;Release TU
727,10;1502;502;93;16;2;Preshaper;Start Process
727,10;1504;504;83;64;3;Conditioner;Start Process
727,10;0;0;0;109;3;Conditioner;Queue Down
728,10;0;0;0;64;3;Conditioner;Release TU
731,10;0;0;0;2;1;Preshaper;Release TU
731,10;1503;503;96;0;3;Melter;Queue Up
731,10;1503;503;96;10;3;Melter;Start Process
732,10;1506;506;86;111;4;Conditioner;End Process
732,10;1504;504;83;117;3;Conditioner;End Process
732,10;1503;503;90;60;2;Conditioner;Queue Up
732,10;1503;503;90;60;2;Conditioner;Start Process
732,10;0;0;0;102;2;Conditioner;Queue Down
733,10;1501;501;91;59;1;Preshaper;End Process
733,10;0;0;0;60;2;Conditioner;Release TU
735,10;1506;506;86;111;2;Shaper;Queue Up
735,10;1504;504;83;117;2;Shaper;Queue Up
735,10;1506;506;86;111;2;Shaper;Start Process
736,10;1504;504;89;13;3;Preshaper;Queue Up
736,10;1503;503;90;114;2;Conditioner;End Process
737,10;0;0;0;61;3;Preshaper;Queue Down
737,10;1506;506;92;1;4;Preshaper;Queue Up
737,10;1503;503;96;10;3;Melter;End Process
737,10;1506;506;92;1;4;Preshaper;Start Process
738,10;0;0;0;65;4;Preshaper;Queue Down
738,10;0;0;0;3;3;Preshaper;Release TU
738,10;1501;501;91;59;1;Conditioner;Queue Up
738,10;1501;501;91;59;1;Conditioner;Start Process
738,10;0;0;0;104;1;Conditioner;Queue Down
739,10;1501;501;97;0;1;Melter;Queue Up
739,10;1506;506;86;111;2;Shaper;End Process
739,10;1504;504;83;117;2;Shaper;Start Process
739,10;1503;503;90;114;1;Shaper;Queue Up
739,10;0;0;0;59;1;Conditioner;Release TU
739,10;1501;501;97;9;1;Melter;Start Process
739,10;1503;503;90;114;1;Shaper;Start Process
740,10;1505;505;94;0;4;Melter;Queue Up
740,10;1505;505;88;61;3;Preshaper;End Process
740,10;1504;504;89;13;3;Preshaper;Start Process
740,10;0;0;0;53;2;Preshaper;Queue Down
740,10;1505;505;94;7;4;Melter;Start Process
741,10;0;0;0;16;2;Preshaper;Release TU
741,10;1501;501;91;112;1;Conditioner;End Process
741,10;1503;503;90;114;1;Shaper;End Process
743,10;1502;502;93;53;2;Preshaper;End Process
743,10;1504;504;83;117;2;Shaper;End Process
743,10;1501;501;97;9;1;Melter;End Process
744,10;0;0;0;55;1;Preshaper;Queue Down
744,10;1501;501;91;112;1;Shaper;Queue Up
744,10;1501;501;91;112;1;Shaper;Start Process
745,10;1505;505;88;61;3;Conditioner;Queue Up
745,10;1505;505;88;61;3;Conditioner;Start Process
745,10;0;0;0;108;3;Conditioner;Queue Down
746,10;1501;501;91;112;1;Shaper;End Process
746,10;0;0;0;61;3;Conditioner;Release TU
747,10;1503;503;96;10;2;Preshaper;Queue Up
747,10;1502;502;99;0;1;Melter;Queue Up
747,10;1503;503;96;10;2;Preshaper;Start Process
747,10;1502;502;99;15;1;Melter;Start Process
748,10;1505;505;94;7;4;Melter;End Process
748,10;1502;502;93;53;2;Conditioner;Queue Up
748,10;1502;502;93;53;2;Conditioner;Start Process
748,10;0;0;0;118;2;Conditioner;Queue Down
749,10;0;0;0;53;2;Conditioner;Release TU
750,10;1505;505;88;109;3;Conditioner;End Process
751,10;1502;502;99;15;1;Melter;End Process
752,10;1502;502;93;102;2;Conditioner;End Process
753,10;1501;501;97;9;1;Preshaper;Queue Up
753,10;1505;505;88;109;2;Shaper;Queue Up
753,10;1501;501;97;9;1;Preshaper;Start Process
753,10;1505;505;88;109;2;Shaper;Start Process
755,10;0;0;0;1;4;Preshaper;Release TU
755,10;0;0;0;54;3;Preshaper;Queue Down
755,10;1502;502;93;102;1;Shaper;Queue Up
755,10;1502;502;93;102;1;Shaper;Start Process
756,10;0;0;0;13;3;Preshaper;Release TU
756,10;0;0;0;58;2;Preshaper;Queue Down
757,10;1506;506;98;0;3;Melter;Queue Up
757,10;1506;506;92;65;4;Preshaper;End Process
757,10;1505;505;88;109;2;Shaper;End Process
757,10;1502;502;93;102;1;Shaper;End Process
757,10;1506;506;98;6;3;Melter;Start Process
758,10;1504;504;95;0;2;Melter;Queue Up
758,10;1504;504;89;54;3;Preshaper;End Process
758,10;1505;505;94;7;3;Preshaper;Queue Up
758,10;1504;504;95;17;2;Melter;Start Process
758,10;1505;505;94;7;3;Preshaper;Start Process
761,10;0;0;0;10;2;Preshaper;Release TU
761,10;1502;502;99;15;2;Preshaper;Queue Up
761,10;0;0;0;67;2;Preshaper;Queue Down
762,10;1506;506;92;65;4;Conditioner;Queue Up
762,10;1506;506;92;65;4;Conditioner;Start Process
762,10;0;0;0;107;4;Conditioner;Queue Down
763,10;1503;503;96;58;2;Preshaper;End Process
763,10;1502;502;99;15;2;Preshaper;Start Process
763,10;1506;506;98;6;3;Melter;End Process
763,10;1504;504;89;54;3;Conditioner;Queue Up
763,10;0;0;0;65;4;Conditioner;Release TU
763,10;1504;504;89;54;3;Conditioner;Start Process
763,10;0;0;0;116;3;Conditioner;Queue Down
764,10;1504;504;95;17;2;Melter;End Process
764,10;0;0;0;54;3;Conditioner;Release TU
765,10;0;0;0;9;1;Preshaper;Release TU
767,10;1501;501;97;55;1;Preshaper;End Process
767,10;1503;503;102;0;3;Melter;Queue Up
767,10;1503;503;102;18;3;Melter;Start Process
768,10;1506;506;92;110;4;Conditioner;End Process
768,10;1504;504;89;108;3;Conditioner;End Process
768,10;1503;503;96;58;2;Conditioner;Queue Up
768,10;1503;503;96;58;2;Conditioner;Start Process
768,10;0;0;0;113;2;Conditioner;Queue Down
769,10;0;0;0;58;2;Conditioner;Release TU
771,10;1506;506;92;110;2;Shaper;Queue Up
771,10;1504;504;89;108;2;Shaper;Queue Up
771,10;1506;506;92;110;2;Shaper;Start Process
772,10;1501;501;97;55;1;Conditioner;Queue Up
772,10;1503;503;96;118;2;Conditioner;End Process
772,10;1501;501;97;55;1;Conditioner;Start Process
772,10;0;0;0;106;1;Conditioner;Queue Down
773,10;0;0;0;60;3;Preshaper;Queue Down
773,10;1506;506;98;6;4;Preshaper;Queue Up
773,10;1503;503;102;18;3;Melter;End Process
773,10;0;0;0;55;1;Conditioner;Release TU
773,10;1506;506;98;6;4;Preshaper;Start Process
774,10;0;0;0;51;4;Preshaper;Queue Down
774,10;0;0;0;7;3;Preshaper;Release TU
774,10;1504;504;95;17;3;Preshaper;Queue Up
775,10;1501;501;103;0;2;Melter;Queue Up
775,10;1506;506;92;110;2;Shaper;End Process
775,10;1504;504;89;108;2;Shaper;Start Process
775,10;1501;501;97;104;1;Conditioner;End Process
775,10;1503;503;96;118;1;Shaper;Queue Up
775,10;1501;501;103;12;2;Melter;Start Process
775,10;1503;503;96;118;1;Shaper;Start Process
776,10;1505;505;100;0;4;Melter;Queue Up
776,10;1505;505;94;60;3;Preshaper;End Process
776,10;1504;504;95;17;3;Preshaper;Start Process
776,10;0;0;0;67;2;Preshaper;Queue Down
776,10;1505;505;100;8;4;Melter;Start Process
777,10;0;0;0;15;2;Preshaper;Release TU
777,10;1503;503;96;118;1;Shaper;End Process
778,10;0;0;0;52;1;Preshaper;Queue Down
778,10;1501;501;97;104;1;Shaper;Queue Up
778,10;1501;501;97;104;1;Shaper;Start Process
779,10;1502;502;99;67;2;Preshaper;End Process
779,10;1504;504;89;108;2;Shaper;End Process
780,10;1501;501;97;104;1;Shaper;End Process
781,10;1501;501;103;12;2;Melter;End Process
781,10;1505;505;94;60;3;Conditioner;Queue Up
781,10;1505;505;94;60;3;Conditioner;Start Process
781,10;0;0;0;115;3;Conditioner;Queue Down
782,10;0;0;0;60;3;Conditioner;Release TU
783,10;1503;503;102;18;2;Preshaper;Queue Up
783,10;1502;502;105;0;2;Melter;Queue Up
783,10;1503;503;102;18;2;Preshaper;Start Process
783,10;1502;502;105;2;2;Melter;Start Process
784,10;1505;505;100;8;4;Melter;End Process
784,10;1502;502;99;67;2;Conditioner;Queue Up
784,10;1502;502;99;67;2;Conditioner;Start Process
784,10;0;0;0;103;2;Conditioner;Queue Down
785,10;0;0;0;67;2;Conditioner;Release TU
786,10;1505;505;94;116;3;Conditioner;End Process
788,10;1502;502;99;113;2;Conditioner;End Process
789,10;1502;502;105;2;2;Melter;End Process
789,10;1505;505;94;116;2;Shaper;Queue Up
789,10;1505;505;94;116;2;Shaper;Start Process
791,10;0;0;0;6;4;Preshaper;Release TU
791,10;0;0;0;61;3;Preshaper;Queue Down
791,10;1501;501;103;12;1;Preshaper;Queue Up
791,10;1502;502;99;113;1;Shaper;Queue Up
791,10;1501;501;103;12;1;Preshaper;Start Process
791,10;1502;502;99;113;1;Shaper;Start Process
792,10;0;0;0;17;3;Preshaper;Release TU
792,10;0;0;0;58;2;Preshaper;Queue Down
793,10;1506;506;104;0;3;Melter;Queue Up
793,10;1506;506;98;51;4;Preshaper;End Process
793,10;1505;505;94;116;2;Shaper;End Process
793,10;1502;502;99;113;1;Shaper;End Process
793,10;1506;506;104;14;3;Melter;Start Process
794,10;1504;504;101;0;1;Melter;Queue Up
794,10;1504;504;95;61;3;Preshaper;End Process
794,10;1505;505;100;8;3;Preshaper;Queue Up
794,10;1504;504;101;11;1;Melter;Start Process
794,10;1505;505;100;8;3;Preshaper;Start Process
797,10;0;0;0;18;2;Preshaper;Release TU
798,10;1506;506;98;51;4;Conditioner;Queue Up
798,10;1504;504;101;11;1;Melter;End Process
798,10;1506;506;98;51;4;Conditioner;Start Process
798,10;0;0;0;105;4;Conditioner;Queue Down
799,10;1503;503;102;58;2;Preshaper;End Process
799,10;1502;502;105;2;2;Preshaper;Queue Up
799,10;1506;506;104;14;3;Melter;End Process
799,10;1504;504;95;61;3;Conditioner;Queue Up
799,10;0;0;0;51;4;Conditioner;Release TU
799,10;1502;502;105;2;2;Preshaper;Start Process
799,10;1504;504;95;61;3;Conditioner;Start Process
799,10;0;0;0;102;3;Conditioner;Queue Down
800,10;0;0;0;61;3;Conditioner;Release TU
803,10;0;0;0;12;1;Preshaper;Release TU
803,10;1503;503;108;0;3;Melter;Queue Up
803,10;0;0;0;19;3;Melter;Queue Down
803,10;1503;503;108;19;3;Melter;Start Process
804,10;1506;506;98;107;4;Conditioner;End Process
804,10;1504;504;95;115;3;Conditioner;End Process
804,10;1503;503;102;58;2;Conditioner;Queue Up
804,10;1503;503;102;58;2;Conditioner;Start Process
804,10;0;0;0;110;2;Conditioner;Queue Down
805,10;1501;501;103;52;1;Preshaper;End Process
805,10;0;0;0;58;2;Conditioner;Release TU
807,10;1506;506;98;107;2;Shaper;Queue Up
807,10;1504;504;95;115;2;Shaper;Queue Up
807,10;1506;506;98;107;2;Shaper;Start Process
808,10;1504;504;101;11;3;Preshaper;Queue Up
808,10;1503;503;102;103;2;Conditioner;End Process
809,10;0;0;0;53;3;Preshaper;Queue Down
809,10;1506;506;104;14;4;Preshaper;Queue Up
809,10;1503;503;108;19;3;Melter;End Process
809,10;1506;506;104;14;4;Preshaper;Start Process
810,10;0;0;0;62;4;Preshaper;Queue Down
810,10;0;0;0;8;3;Preshaper;Release TU
810,10;1501;501;103;52;1;Conditioner;Queue Up
810,10;1501;501;103;52;1;Conditioner;Start Process
810,10;0;0;0;101;1;Conditioner;Queue Down
811,10;1501;501;109;0;1;Melter;Queue Up
811,10;1506;506;98;107;2;Shaper;End Process
811,10;1504;504;95;115;2;Shaper;Start Process
811,10;1503;503;102;103;1;Shaper;Queue Up
811,10;0;0;0;52;1;Conditioner;Release TU
811,10;1501;501;109;16;1;Melter;Start Process
811,10;1503;503;102;103;1;Shaper;Start Process
812,10;1505;505;106;0;4;Melter;Queue Up
812,10;1505;505;100;53;3;Preshaper;End Process
812,10;1504;504;101;11;3;Preshaper;Start Process
812,10;0;0;0;55;2;Preshaper;Queue Down
812,10;1505;505;106;4;4;Melter;Start Process
813,10;0;0;0;2;2;Preshaper;Release TU
813,10;1501;501;103;106;1;Conditioner;End Process
813,10;1503;503;102;103;1;Shaper;End Process
815,10;1502;502;105;55;2;Preshaper;End Process
815,10;1504;504;95;115;2;Shaper;End Process
815,10;1501;501;109;16;1;Melter;End Process
816,10;0;0;0;66;1;Preshaper;Queue Down
816,10;1501;501;103;106;1;Shaper;Queue Up
816,10;1501;501;103;106;1;Shaper;Start Process
817,10;1505;505;100;53;3;Conditioner;Queue Up
817,10;1505;505;100;53;3;Conditioner;Start Process
817,10;0;0;0;109;3;Conditioner;Queue Down
818,10;1501;501;103;106;1;Shaper;End Process
818,10;0;0;0;53;3;Conditioner;Release TU
819,10;1503;503;108;19;2;Preshaper;Queue Up
819,10;1502;502;111;0;1;Melter;Queue Up
819,10;1503;503;108;19;2;Preshaper;Start Process
819,10;1502;502;111;1;1;Melter;Start Process
820,10;1505;505;106;4;4;Melter;End Process
820,10;1502;502;105;55;2;Conditioner;Queue Up
820,10;1502;502;105;55;2;Conditioner;Start Process
820,10;0;0;0;118;2;Conditioner;Queue Down
821,10;0;0;0;55;2;Conditioner;Release TU
822,10;1505;505;100;102;3;Conditioner;End Process
823,10;1502;502;111;1;1;Melter;End Process
824,10;1502;502;105;110;2;Conditioner;End Process
825,10;1501;501;109;16;1;Preshaper;Queue Up
825,10;1505;505;100;102;2;Shaper;Queue Up
825,10;1501;501;109;16;1;Preshaper;Start Process
825,10;1505;505;100;102;2;Shaper;Start Process
827,10;0;0;0;14;4;Preshaper;Release TU
827,10;0;0;0;65;3;Preshaper;Queue Down
827,10;1502;502;105;110;1;Shaper;Queue Up
827,10;1502;502;105;110;1;Shaper;Start Process
828,10;0;0;0;11;3;Preshaper;Release TU
828,10;0;0;0;60;2;Preshaper;Queue Down
829,10;1506;506;110;0;3;Melter;Queue Up
829,10;1506;506;104;62;4;Preshaper;End Process
829,10;1505;505;100;102;2;Shaper;End Process
829,10;1502;502;105;110;1;Shaper;End Process
829,10;1506;506;110;12;3;Melter;Start Process
830,10;1504;504;107;0;2;Melter;Queue Up
830,10;1504;504;101;65;3;Preshaper;End Process
830,10;1505;505;106;4;3;Preshaper;Queue Up
830,10;1504;504;107;3;2;Melter;Start Process
830,10;1505;505;106;4;3;Preshaper;Start Process
833,10;0;0;0;19;2;Preshaper;Release TU
833,10;1502;502;111;1;2;Preshaper;Queue Up
834,10;1506;506;104;62;4;Conditioner;Queue Up
834,10;1506;506;104;62;4;Conditioner;Start Process
834,10;0;0;0;117;4;Conditioner;Queue Down
835,10;1503;503;108;60;2;Preshaper;End Process
835,10;1502;502;111;1;2;Preshaper;Start Process
835,10;1506;506;110;12;3;Melter;End Process
835,10;1504;504;101;65;3;Conditioner;Queue Up
835,10;0;0;0;62;4;Conditioner;Release TU
835,10;1504;504;101;65;3;Conditioner;Start Process
835,10;0;0;0;104;3;Conditioner;Queue Down
836,10;1504;504;107;3;2;Melter;End Process
836,10;0;0;0;65;3;Conditioner;Release TU
837,10;0;0;0;16;1;Preshaper;Release TU
839,10;1501;501;109;66;1;Preshaper;End Process
839,10;1503;503;114;0;3;Melter;Queue Up
839,10;1503;503;114;8;3;Melter;Start Process
840,10;1506;506;104;105;4;Conditioner;End Process
840,10;1504;504;101;109;3;Conditioner;End Process
840,10;1503;503;108;60;2;Conditioner;Queue Up
840,10;1503;503;108;60;2;Conditioner;Start Process
840,10;0;0;0;113;2;Conditioner;Queue Down
841,10;0;0;0;60;2;Conditioner;Release TU
843,10;1506;506;104;105;2;Shaper;Queue Up
843,10;1504;504;101;109;2;Shaper;Queue Up
843,10;1506;506;104;105;2;Shaper;Start Process
844,10;1501;501;109;66;1;Conditioner;Queue Up
844,10;1503;503;108;118;2;Conditioner;End Process
844,10;1501;501;109;66;1;Conditioner;Start Process
844,10;0;0;0;111;1;Conditioner;Queue Down
845,10;0;0;0;54;3;Preshaper;Queue Down
845,10;1506;506;110;12;4;Preshaper;Queue Up
845,10;1503;503;114;8;3;Melter;End Process
845,10;0;0;0;66;1;Conditioner;Release TU
845,10;1506;506;110;12;4;Preshaper;Start Process
846,10;0;0;0;57;4;Preshaper;Queue Down
846,10;0;0;0;4;3;Preshaper;Release TU
846,10;1504;504;107;3;3;Preshaper;Queue Up
847,10;1501;501;115;0;2;Melter;Queue Up
847,10;1506;506;104;105;2;Shaper;End Process
847,10;1504;504;101;109;2;Shaper;Start Process
847,10;1501;501;109;101;1;Conditioner;End Process
847,10;1503;503;108;118;1;Shaper;Queue Up
847,10;1501;501;115;14;2;Melter;Start Process
847,10;1503;503;108;118;1;Shaper;Start Process
848,10;1505;505;112;0;4;Melter;Queue Up
848,10;1505;505;106;54;3;Preshaper;End Process
848,10;1504;504;107;3;3;Preshaper;Start Process
848,10;0;0;0;67;2;Preshaper;Queue Down
848,10;1505;505;112;5;4;Melter;Start Process
849,10;0;0;0;1;2;Preshaper;Release TU
849,10;1503;503;108;118;1;Shaper;End Process
850,10;0;0;0;63;1;Preshaper;Queue Down
850,10;1501;501;109;101;1;Shaper;Queue Up
850,10;1501;501;109;101;1;Shaper;Start Process
851,10;1502;502;111;67;2;Preshaper;End Process
851,10;1504;504;101;109;2;Shaper;End Process
852,10;1501;501;109;101;1;Shaper;End Process
853,10;1501;501;115;14;2;Melter;End Process
853,10;1505;505;106;54;3;Conditioner;Queue Up
853,10;1505;505;106;54;3;Conditioner;Start Process
853,10;0;0;0;108;3;Conditioner;Queue Down
854,10;0;0;0;54;3;Conditioner;Release TU
855,10;1503;503;114;8;2;Preshaper;Queue Up
855,10;1502;502;117;0;2;Melter;Queue Up
855,10;1503;503;114;8;2;Preshaper;Start Process
855,10;1502;502;117;11;2;Melter;Start Process
856,10;1505;505;112;5;4;Melter;End Process
856,10;1502;502;111;67;2;Conditioner;Queue Up
856,10;1502;502;111;67;2;Conditioner;Start Process
856,10;0;0;0;116;2;Conditioner;Queue Down
857,10;0;0;0;67;2;Conditioner;Release TU
858,10;1505;505;106;104;3;Conditioner;End Process
860,10;1502;502;111;113;2;Conditioner;End Process
861,10;1502;502;117;11;2;Melter;End Process
861,10;1505;505;106;104;2;Shaper;Queue Up
861,10;1505;505;106;104;2;Shaper;Start Process
863,10;0;0;0;12;4;Preshaper;Release TU
863,10;0;0;0;53;3;Preshaper;Queue Down
863,10;1501;501;115;14;1;Preshaper;Queue Up
863,10;1502;502;111;113;1;Shaper;Queue Up
863,10;1501;501;115;14;1;Preshaper;Start Process
863,10;1502;502;111;113;1;Shaper;Start Process
864,10;0;0;0;3;3;Preshaper;Release TU
864,10;0;0;0;60;2;Preshaper;Queue Down
865,10;1506;506;116;0;3;Melter;Queue Up
865,10;1506;506;110;57;4;Preshaper;End Process
865,10;1505;505;106;104;2;Shaper;End Process
865,10;1502;502;111;113;1;Shaper;End Process
865,10;1506;506;116;2;3;Melter;Start Process
866,10;1504;504;113;0;1;Melter;Queue Up
866,10;1504;504;107;53;3;Preshaper;End Process
866,10;1505;505;112;5;3;Preshaper;Queue Up
866,10;1504;504;113;13;1;Melter;Start Process
866,10;1505;505;112;5;3;Preshaper;Start Process
869,10;0;0;0;8;2;Preshaper;Release TU
870,10;1506;506;110;57;4;Conditioner;Queue Up
870,10;1504;504;113;13;1;Melter;End Process
870,10;1506;506;110;57;4;Conditioner;Start Process
870,10;0;0;0;112;4;Conditioner;Queue Down
871,10;1503;503;114;60;2;Preshaper;End Process
871,10;1502;502;117;11;2;Preshaper;Queue Up
871,10;1506;506;116;2;3;Melter;End Process
871,10;1504;504;107;53;3;Conditioner;Queue Up
871,10;0;0;0;57;4;Conditioner;Release TU
871,10;1502;502;117;11;2;Preshaper;Start Process
871,10;1504;504;107;53;3;Conditioner;Start Process
871,10;0;0;0;110;3;Conditioner;Queue Down
872,10;0;0;0;53;3;Conditioner;Release TU
875,10;0;0;0;14;1;Preshaper;Release TU
875,10;1503;503;120;0;3;Melter;Queue Up
875,10;1503;503;120;19;3;Melter;Start Process
876,10;1506;506;110;117;4;Conditioner;End Process
876,10;1504;504;107;108;3;Conditioner;End Process
876,10;1503;503;114;60;2;Conditioner;Queue Up
876,10;1503;503;114;60;2;Conditioner;Start Process
876,10;0;0;0;105;2;Conditioner;Queue Down
877,10;1501;501;115;63;1;Preshaper;End Process
877,10;0;0;0;60;2;Conditioner;Release TU
879,10;1506;506;110;117;2;Shaper;Queue Up
879,10;1504;504;107;108;2;Shaper;Queue Up
879,10;1506;506;110;117;2;Shaper;Start Process
880,10;1504;504;113;13;3;Preshaper;Queue Up
880,10;1503;503;114;116;2;Conditioner;End Process
881,10;0;0;0;55;3;Preshaper;Queue Down
881,10;1506;506;116;2;4;Preshaper;Queue Up
881,10;1503;503;120;19;3;Melter;End Process
881,10;1506;506;116;2;4;Preshaper;Start Process
882,10;0;0;0;64;4;Preshaper;Queue Down
882,10;0;0;0;5;3;Preshaper;Release TU
882,10;1501;501;115;63;1;Conditioner;Queue Up
882,10;1501;501;115;63;1;Conditioner;Start Process
882,10;0;0;0;114;1;Conditioner;Queue Down
883,10;1506;506;110;117;2;Shaper;End Process
883,10;1504;504;107;108;2;Shaper;Start Process
883,10;1503;503;114;116;1;Shaper;Queue Up
883,10;0;0;0;63;1;Conditioner;Release TU
883,10;1503;503;114;116;1;Shaper;Start Process
884,10;1505;505;118;0;4;Melter;Queue Up
884,10;1505;505;112;55;3;Preshaper;End Process
884,10;1504;504;113;13;3;Preshaper;Start Process
884,10;0;0;0;66;2;Preshaper;Queue Down
884,10;1505;505;118;7;4;Melter;Start Process
885,10;0;0;0;11;2;Preshaper;Release TU
885,10;1501;501;115;111;1;Conditioner;End Process
885,10;1503;503;114;116;1;Shaper;End Process
887,10;1502;502;117;66;2;Preshaper;End Process
887,10;1504;504;107;108;2;Shaper;End Process
888,10;0;0;0;56;1;Preshaper;Queue Down
888,10;1501;501;115;111;1;Shaper;Queue Up
888,10;1501;501;115;111;1;Shaper;Start Process
889,10;1505;505;112;55;3;Conditioner;Queue Up
889,10;1505;505;112;55;3;Conditioner;Start Process
889,10;0;0;0;102;3;Conditioner;Queue Down
890,10;1501;501;115;111;1;Shaper;End Process
890,10;0;0;0;55;3;Conditioner;Release TU
891,10;1503;503;120;19;2;Preshaper;Queue Up
891,10;1503;503;120;19;2;Preshaper;Start Process
892,10;1505;505;118;7;4;Melter;End Process
892,10;1502;502;117;66;2;Conditioner;Queue Up
892,10;1502;502;117;66;2;Conditioner;Start Process
892,10;0;0;0;118;2;Conditioner;Queue Down
893,10;0;0;0;66;2;Conditioner;Release TU
894,10;1505;505;112;110;3;Conditioner;End Process
896,10;1502;502;117;105;2;Conditioner;End Process
897,10;1505;505;112;110;2;Shaper;Queue Up
897,10;1505;505;112;110;2;Shaper;Start Process
899,10;0;0;0;2;4;Preshaper;Release TU
899,10;0;0;0;62;3;Preshaper;Queue Down
899,10;1502;502;117;105;1;Shaper;Queue Up
899,10;1502;502;117;105;1;Shaper;Start Process
900,10;0;0;0;13;3;Preshaper;Release TU
900,10;0;0;0;54;2;Preshaper;Queue Down
901,10;1506;506;116;64;4;Preshaper;End Process
901,10;1505;505;112;110;2;Shaper;End Process
901,10;1502;502;117;105;1;Shaper;End Process
902,10;1504;504;119;0;2;Melter;Queue Up
902,10;1504;504;113;62;3;Preshaper;End Process
902,10;1505;505;118;7;3;Preshaper;Queue Up
902,10;1504;504;119;1;2;Melter;Start Process
902,10;1505;505;118;7;3;Preshaper;Start Process
905,10;0;0;0;19;2;Preshaper;Release TU
906,10;1506;506;116;64;4;Conditioner;Queue Up
906,10;1506;506;116;64;4;Conditioner;Start Process
906,10;0;0;0;115;4;Conditioner;Queue Down
907,10;1503;503;120;54;2;Preshaper;End Process
907,10;1504;504;113;62;3;Conditioner;Queue Up
907,10;0;0;0;64;4;Conditioner;Release TU
907,10;1504;504;113;62;3;Conditioner;Start Process
907,10;0;0;0;101;3;Conditioner;Queue Down
908,10;1504;504;119;1;2;Melter;End Process
908,10;0;0;0;62;3;Conditioner;Release TU
912,10;1506;506;116;112;4;Conditioner;End Process
912,10;1504;504;113;102;3;Conditioner;End Process
912,10;1503;503;120;54;2;Conditioner;Queue Up
912,10;1503;503;120;54;2;Conditioner;Start Process
912,10;0;0;0;113;2;Conditioner;Queue Down
913,10;0;0;0;54;2;Conditioner;Release TU
915,10;1506;506;116;112;2;Shaper;Queue Up
915,10;1504;504;113;102;2;Shaper;Queue Up
915,10;1506;506;116;112;2;Shaper;Start Process
916,10;1503;503;120;118;2;Conditioner;End Process
917,10;0;0;0;65;3;Preshaper;Queue Down
918,10;0;0;0;59;4;Preshaper;Queue Down
918,10;0;0;0;7;3;Preshaper;Release TU
918,10;1504;504;119;1;3;Preshaper;Queue Up
919,10;1506;506;116;112;2;Shaper;End Process
919,10;1504;504;113;102;2;Shaper;Start Process
919,10;1503;503;120;118;1;Shaper;Queue Up
919,10;1503;503;120;118;1;Shaper;Start Process
920,10;1505;505;118;65;3;Preshaper;End Process
920,10;1504;504;119;1;3;Preshaper;Start Process
920,10;0;0;0;67;2;Preshaper;Queue Down
921,10;1503;503;120;118;1;Shaper;End Process
923,10;1504;504;113;102;2;Shaper;End Process
925,10;1505;505;118;65;3;Conditioner;Queue Up
925,10;1505;505;118;65;3;Conditioner;Start Process
925,10;0;0;0;109;3;Conditioner;Queue Down
926,10;0;0;0;65;3;Conditioner;Release TU
930,10;1505;505;118;101;3;Conditioner;End Process
933,10;1505;505;118;101;2;Shaper;Queue Up
933,10;1505;505;118;101;2;Shaper;Start Process
935,10;0;0;0;55;3;Preshaper;Queue Down
936,10;0;0;0;1;3;Preshaper;Release TU
937,10;1505;505;118;101;2;Shaper;End Process
938,10;1504;504;119;55;3;Preshaper;End Process
943,10;1504;504;119;55;3;Conditioner;Queue Up
943,10;1504;504;119;55;3;Conditioner;Start Process
943,10;0;0;0;105;3;Conditioner;Queue Down
944,10;0;0;0;55;3;Conditioner;Release TU
948,10;1504;504;119;109;3;Conditioner;End Process
951,10;1504;504;119;109;2;Shaper;Queue Up
951,10;1504;504;119;109;2;Shaper;Start Process
953,10;0;0;0;66;3;Preshaper;Queue Down
955,10;1504;504;119;109;2;Shaper;End Process
